-- phpMyAdmin SQL Dump
-- version 4.3.11
-- http://www.phpmyadmin.net
--
-- Host: 127.0.0.1
-- Generation Time: 28 Jul 2015 pada 08.23
-- Versi Server: 5.6.24
-- PHP Version: 5.6.8

SET SQL_MODE = "NO_AUTO_VALUE_ON_ZERO";
SET time_zone = "+00:00";


/*!40101 SET @OLD_CHARACTER_SET_CLIENT=@@CHARACTER_SET_CLIENT */;
/*!40101 SET @OLD_CHARACTER_SET_RESULTS=@@CHARACTER_SET_RESULTS */;
/*!40101 SET @OLD_COLLATION_CONNECTION=@@COLLATION_CONNECTION */;
/*!40101 SET NAMES utf8 */;

--
-- Database: `klinikup`
--

-- --------------------------------------------------------

--
-- Struktur dari tabel `obat`
--

CREATE TABLE IF NOT EXISTS `obat` (
  `IDOBAT` int(11) NOT NULL,
  `KODEOBAT` varchar(144) DEFAULT NULL,
  `NAMAOBAT` varchar(144) DEFAULT NULL,
  `JENIS` varchar(144) DEFAULT NULL
) ENGINE=InnoDB AUTO_INCREMENT=71 DEFAULT CHARSET=latin1;

--
-- Dumping data untuk tabel `obat`
--

INSERT INTO `obat` (`IDOBAT`, `KODEOBAT`, `NAMAOBAT`, `JENIS`) VALUES
(4, NULL, 'Normal Toner', 'Toner'),
(5, NULL, 'Purifying Toner', 'Toner'),
(6, NULL, 'Malam 2', 'Cream Whitening'),
(7, NULL, 'Brightening Toner', 'Toner'),
(8, NULL, 'Sebo Control Toner', 'Toner'),
(9, NULL, 'Normal Wash', 'Wash'),
(10, NULL, 'Purifying Wash', 'Wash'),
(11, NULL, 'Brightening Wash', 'Wash'),
(12, NULL, 'Cream Pagi 1', 'Cream Whitening'),
(13, NULL, 'Cream Pagi 2', 'Cream Whitening'),
(14, NULL, 'Cream Malam 1', 'Cream Whitening'),
(15, NULL, 'Cream Malam 3', 'Cream Whitening'),
(16, NULL, 'Cream Flek Malam', 'Cream'),
(17, NULL, 'Cream Flek Body', 'Cream'),
(18, NULL, 'Cream Luka', 'Cream'),
(19, NULL, 'Cream Iritasi', 'Cream'),
(20, NULL, 'Cr Jerawat Malam C2', 'Cream Jerawat'),
(21, NULL, 'Cr Jerawat Malam C3', 'Cream Jerawat'),
(22, NULL, 'Cr Jerawat Malam C3', 'Cream Jerawat'),
(23, NULL, 'Cr Jerawat Sensitif', 'Cream Jerawat'),
(24, NULL, 'Lotion Jerawat Malam C', 'Cream Jerawat'),
(25, NULL, 'Cr Pagi Acne', 'Cream Jerawat'),
(26, NULL, 'Milk Cleanser', 'Cleanser'),
(27, NULL, '2 in 1 Cleanser', 'Cleanser'),
(28, NULL, 'Sugar Peeling', 'Cleanser'),
(29, NULL, 'Spf 30 Cream', 'Sunblock'),
(30, NULL, 'Spf 30 Lotion', 'Sunblock'),
(31, NULL, 'Spf 30 Organik', 'Sunblock'),
(32, NULL, 'BB Cream Spf 30 Natural', 'Sunblock'),
(33, NULL, 'Botox Eye Gel', 'Serum'),
(34, NULL, 'Pore Reducer', 'Serum'),
(35, NULL, 'Serum Collagen', 'Serum'),
(36, NULL, 'Serum Vit C', 'Serum'),
(37, NULL, 'Sensitif Cr', 'Sensitif CR'),
(38, NULL, 'Calming Liquit Moisture', 'Sensitif CR'),
(39, NULL, 'Cr Anti Scar', 'Sensitif CR'),
(40, NULL, 'Lp Whitening', 'LP'),
(41, NULL, 'Lp Acne', 'LP'),
(42, NULL, 'Lp Natural', 'LP'),
(43, NULL, 'Compac Powder', 'LP'),
(44, NULL, 'C-Cream Moisture', 'LP'),
(45, NULL, 'Oil Control', 'Lotion'),
(46, NULL, 'Skin Repair Moisture', 'Lainnya'),
(47, NULL, 'Skin Recells', 'Lainnya'),
(48, NULL, 'Instan White Lotion', 'Lainnya'),
(49, NULL, 'Body Lightening Lotion', 'Lainnya'),
(50, NULL, 'Derma Matrix', 'Lainnya'),
(51, NULL, 'Neck Filler', 'Lainnya'),
(52, NULL, 'Stemcell', 'Lainnya'),
(53, NULL, 'Intensif Alfa Lightener', 'Lainnya'),
(54, NULL, 'q 10 Gold Glow Serum', 'Lainnya'),
(55, NULL, 'Time Control Night Cream', 'Lainnya'),
(56, NULL, 'Post Acne  Inflamation', 'Lainnya'),
(57, NULL, 'White Concentrate', 'Lainnya'),
(58, NULL, 'Fruit Enzim', 'Lainnya'),
(59, NULL, 'Oxylight Injection', 'Lainnya'),
(60, NULL, 'Injeksi Cicatrix', 'Lainnya'),
(61, NULL, 'Injeksi Anti Aging', 'Lainnya'),
(62, NULL, 'Injeksi Lipolisis', 'Lainnya'),
(63, NULL, 'Slim Lipolisis', 'Lainnya'),
(64, NULL, 'Whitening Complex', 'Lainnya'),
(65, NULL, 'Injeksi Jerawat', 'Lainnya'),
(66, NULL, 'Injeksi Xyringoma', 'Lainnya'),
(67, NULL, 'Erase eye serum', 'Serum'),
(68, NULL, 'Injeksi Keloid', 'Lainnya'),
(69, NULL, 'serum erase eye', 'Lainnya'),
(70, NULL, 'Infus rejuv whitening', '-');

-- --------------------------------------------------------

--
-- Struktur dari tabel `pasien`
--

CREATE TABLE IF NOT EXISTS `pasien` (
  `IDPASIEN` int(11) NOT NULL,
  `NAMAPASIEN` varchar(144) DEFAULT NULL,
  `JENISKELAMIN` varchar(4) DEFAULT NULL,
  `ALAMATPASIEN` varchar(144) DEFAULT NULL,
  `KOTAPASIEN` varchar(50) DEFAULT NULL,
  `PROPINSIPASIEN` varchar(50) DEFAULT NULL,
  `TEMPATLAHIR` varchar(50) DEFAULT NULL,
  `TANGGALLAHIR` date DEFAULT NULL,
  `HPPASIEN` varchar(15) DEFAULT NULL,
  `BBMPASIEN` varchar(10) DEFAULT NULL
) ENGINE=InnoDB AUTO_INCREMENT=302 DEFAULT CHARSET=latin1;

--
-- Dumping data untuk tabel `pasien`
--

INSERT INTO `pasien` (`IDPASIEN`, `NAMAPASIEN`, `JENISKELAMIN`, `ALAMATPASIEN`, `KOTAPASIEN`, `PROPINSIPASIEN`, `TEMPATLAHIR`, `TANGGALLAHIR`, `HPPASIEN`, `BBMPASIEN`) VALUES
(1, 'Trimuti Sisworini', 'P', 'Sidokerto', 'Sidoarjo', 'Jawa Timur', 'Surabaya', '1962-02-18', '0318068527', ''),
(2, 'Neni Tjatur Irijanie', 'P', 'Gunungsari Indah blok GG no 5', 'Surabaya', 'Jawa Timur', 'Surabaya', '1971-01-02', '08123285781', ''),
(3, 'Lidya Christy L', 'P', 'Jl Tenggilis Mejoyo AM 17', 'Surabaya', 'Jawa Timur', 'Surabaya', '1993-08-27', '082141118327', ''),
(4, 'Anggya', 'P', 'Garuda Regency M-60 Rewwin', 'Sidoarjo', 'Jawa Timur', 'Sidoarjo', '1984-09-26', '082232057249', ''),
(5, 'Anita S', 'P', 'Jl Bumi Intan Permai d-7', 'Sidoarjo', 'Jawa Timur', 'Sidoarjo', '1972-11-28', '081231500270', ''),
(6, 'natarima sarasvati', 'P', 'jl jemursari selatan iii no 12', 'Surabaya', 'Jawa Timur', 'Surabaya', '1994-03-11', '081315376050', '7e97d608'),
(7, 'Anis khoirun nisa', 'P', 'Jl paciran lamongan', 'lamongan', 'Jawa Timur', 'Lamongan', '1992-07-04', '085852488675', ''),
(8, 'Anita S', 'P', 'Jl. Bumi intan Permai D-7', 'Sidoarjo', 'Jawa Timur', 'Sidoarjo', '1972-11-28', '081231500270', ''),
(9, 'Amanda', 'P', 'Jl. Taman Vancouver J7 no 2', 'Sidoarjo', 'Jawa Timur', 'Sidoarjo', '1983-01-18', '087854552589', ''),
(10, 'Afininda Melanawati', 'P', 'Jl. jatisari 9C waru', 'Sidoarjo', 'Jawa Timur', 'Sidoarjo', '1993-04-05', '083856466106', ''),
(11, 'April', 'P', 'Jl. Flamboyan Ai-9 wisma tropodo', 'Sidoarjo', 'Jawa Timur', 'Sidoarjo', '1984-04-15', '086548283322', ''),
(12, 'Alberta Evy Palupi', 'P', 'Jl. kwitang Raya no 16 ', 'jakarta', 'Jakarta', 'Jakarta', '2015-04-10', '081219806468', ''),
(13, 'Arum Soesanti', 'P', 'Jl.Alam gunung anyar Ds', 'Surabaya', 'Jawa Timur', 'Surabaya', '1981-03-24', '085730193887', ''),
(14, 'Ardhita nawang', 'P', 'Jl.Kutisari IV/9', 'Surabaya', 'Jawa Timur', 'Surabaya', '1988-05-24', '085643170285', ''),
(15, 'Anita', 'P', 'Jl. Jemursari 76, blok C-12', 'Surabaya', 'Jawa Timur', 'Surabaya', '2015-05-12', '087852153323', ''),
(16, 'Ari', 'L', 'Jl Kaliwaron I/ 3A', 'Surabaya', 'Jawa Timur', 'Surabaya', '1975-06-02', '081216013993', ''),
(17, 'Aditya Safarudin', 'L', 'Jl. Taman Surya Agung G2/ 8', 'Sidoarjo', 'Jawa Timur', 'Sidoarjo', '1988-09-27', '089675694939', ''),
(18, 'Andy', 'L', 'Jl.Margorejo Tangsi VII no 6', 'Surabaya', 'Jawa Timur', 'Surabaya', '1989-03-30', '08113070709', ''),
(19, 'Ain', 'P', 'Jl.Sidosermo 3/ 14', 'Surabaya', 'Jawa Timur', 'Surabaya', '1991-06-30', '085648421009', ''),
(20, 'Agus Setiawan', 'L', 'Jl. Barata Jaya 23', 'Surabaya', 'Jawa Timur', 'Surabaya', '1975-08-16', '031 70772624', ''),
(21, 'Ana Tasliem', 'P', 'Jl.Rungkut Lor II L / 10', 'Surabaya', 'Jawa Timur', 'Surabaya', '1990-08-03', '087852632580', ''),
(22, 'Ana', 'P', 'Jl.Jemursari Timur 1A', 'Surabaya', 'Jawa Timur', 'Surabaya', '1960-01-01', '0318417315', ''),
(23, 'Ahmad Rusyda ', 'L', 'JL.Kebonsari', 'Surabaya', 'Jawa Timur', 'Surabaya', '1991-04-05', '085755207301', ''),
(24, 'AyuWidya Murti', 'P', 'Jl.Nginden Kota 2/58', 'Surabaya', 'Jawa Timur', 'Surabaya', '1990-02-01', '081938235021', ''),
(25, 'B.Anjar', 'P', 'Jl.JemurSari Timur IV/ JJ-20', 'Surabaya', 'Jawa Timur', 'Surabaya', '1963-01-10', '0318419859', ''),
(26, 'Anniy Satoetik', 'P', 'Jl.JemurNgawinan I/26', 'Surabaya', 'Jawa Timur', 'Surabaya', '1966-11-15', '081231619529', ''),
(27, 'Anita Paulyna', 'P', 'perum Kedung Turi Permai Tahap 2 Blok T-12A', 'Surabaya', 'Jawa Timur', 'Surabaya', '1982-06-16', '08175064929', ''),
(28, 'Achareeya', 'P', 'prapen indah A-28-29', 'Surabaya', 'Jawa Timur', 'Surabaya', '1967-11-21', '0811310089', ''),
(29, 'Angeline', 'P', 'rungkut mapan harapan blok H/39', 'Surabaya', 'Jawa Timur', 'Surabaya', '1978-05-03', '0811306195', ''),
(30, 'anita', 'P', 'ykp mejoyo AG-26', 'Surabaya', 'Jawa Timur', 'Surabaya', '2015-04-29', '0318715657', ''),
(31, 'Anisa Zaraswati', 'P', 'Wisma Tropodo ', 'Sidoarjo', 'Jawa Timur', 'Sidoarjo', '1987-12-03', '08155053643', ''),
(32, 'Ana Damayanti', 'P', 'Kutisari Selatan II/70', 'Surabaya', 'Jawa Timur', 'Surabaya', '1976-09-12', '031 8470459', ''),
(33, 'Anik Hidayati', 'P', 'Muria 4', 'Surabaya', 'Jawa Timur', 'Surabaya', '1990-06-22', '085732591157', ''),
(34, 'Alice', 'P', 'Palm Spring B-47', 'Surabaya', 'Jawa Timur', 'Surabaya', '1977-07-01', '085237449996', ''),
(35, 'Andriyani', 'P', 'rangkah V/33', 'Surabaya', 'Jawa Timur', 'Surabaya', '1977-01-20', '08883232266', '33215206'),
(36, 'Ani Rahmadiani', 'P', 'Jl.Kebonsari 45 Jambangan', 'Surabaya', 'Jawa Timur', 'Surabaya', '1990-04-08', '081216318844', ''),
(37, 'Aurelia', 'P', 'nginden 5', 'Surabaya', 'Jawa Timur', 'Surabaya', '1994-04-20', '083856619333', ''),
(38, 'Ayu Anggraeni', 'P', 'Manyar Sambongan no 8', 'Surabaya', 'Jawa Timur', 'Surabaya', '1992-12-24', '0315011647', ''),
(39, 'Amanda', 'P', 'Bendul Merisi Airdas', 'Surabaya', 'Jawa Timur', 'Surabaya', '1985-11-22', '085736011366', ''),
(40, 'Antonio', 'P', 'Margorejo Indah Blok C-822', 'Surabaya', 'Jawa Timur', 'Surabaya', '1979-09-11', '0318432270', ''),
(41, 'Amie', 'P', 'Jl Rungkut Lor V/46', 'Surabaya', 'Jawa Timur', 'Surabaya', '1991-09-27', '083833372456', ''),
(42, 'Bu.Agung', 'P', 'Wisma tropodo yos sudarso GH-8', 'Sidoarjo', 'Jawa Timur', 'Sidoarjo', '1971-12-24', '081330437257', ''),
(43, 'Aris Sugiarti', 'P', 'pesanggrahan 18 ', 'tretes', 'Jawa Timur', 'tretes', '1979-08-08', '081233611466', ''),
(44, 'Anastasia', 'P', 'SiwalanKerto 120B', 'Surabaya', 'Jawa Timur', 'Surabaya', '1956-06-21', '0816511991', ''),
(45, 'Ana', 'P', 'Kutisari 7/5', 'Surabaya', '-', 'Surabaya', '1981-07-17', '081235951887', ''),
(46, 'Ayu Priyantari', 'P', 'rungkut asri tengah VII/41A', 'Surabaya', 'Jawa Timur', 'Surabaya', '1986-07-14', '0811320030', ''),
(47, 'Andri Yonathan', 'L', 'Rungkut Mejoyo Selatan', 'Surabaya', 'Jawa Timur', 'Surabaya', '1987-08-03', '082187767687', ''),
(48, 'Anik K', 'P', 'Teluk Nibung Barat VI/II B', 'Surabaya', 'Jawa Timur', 'Surabaya', '1993-02-23', '081357812985', ''),
(49, 'Aisyah Fitriani', 'P', 'Teluk Nibong Barat 5/22', 'Surabaya', 'Jawa Timur', 'Surabaya', '1982-04-18', '08563200599', ''),
(50, 'Asih', 'P', 'Siwalankerto no 15', 'Surabaya', 'Jawa Timur', 'Surabaya', '2015-06-22', '082244438902', ''),
(51, 'Andri', 'P', 'Surya residene,Cluster Shappire 2E-58 Dukuh tengah buduran', 'Sidoarjo', 'Jawa Timur', 'Sidoarjo', '1979-07-05', '081330790330', ''),
(52, 'Aldila', 'P', 'garuda IX/22', 'Sidoarjo', 'Jawa Timur', 'Sidoarjo', '1968-07-31', '0811536077', ''),
(53, 'Ahmad', 'L', 'Ayani 54-56', 'Surabaya', 'Jawa Timur', 'Surabaya', '1986-03-27', '085850057788', ''),
(54, 'Ayuk', 'P', 'Tenggilis lama', 'Surabaya', 'Jawa Timur', 'Surabaya', '1989-10-25', '085762265590', ''),
(55, 'Ardita Wulandari', 'P', 'Perum Tropodo Indah Blok H8 Waru', 'Sidoarjo', 'Jawa Timur', 'Sidoarjo', '1989-02-14', '085642114757', ''),
(56, 'Agus', 'L', 'ngagel tirto III/51A', 'Surabaya', 'Jawa Timur', 'Surabaya', '2015-06-10', '5026649', ''),
(57, 'asmaul khusnah', 'P', 'wonocolo p.kulit no 37B', 'Surabaya', 'Jawa Timur', 'Surabaya', '1963-08-28', '085731112301', ''),
(58, 'Aci', 'P', 'Jl. Mangga 10 A,wage taman', 'Sidoarjo', 'Jawa Timur', 'Sidoarjo', '1987-02-02', '087852565345', ''),
(59, 'Anie', 'P', 'Jemursari 156-158', 'Surabaya', 'Jawa Timur', 'Surabaya', '1977-08-25', '081231551667', ''),
(60, 'Angeline', 'P', 'jemursari 97', 'Surabaya', 'Jawa Timur', 'Surabaya', '1997-05-29', '08155294129', ''),
(61, 'Arya', 'L', 'karamenjangan', 'Surabaya', 'Jawa Timur', 'Surabaya', '1988-08-08', '087853543111', ''),
(62, 'Andry Elvandari', 'L', 'Rungkut Asri Utara no 16', 'Surabaya', 'Jawa Timur', 'Surabaya', '1993-07-16', '082114560113', ''),
(63, 'Anis Setyowati', 'P', 'bms XI/39', 'Surabaya', 'Jawa Timur', 'Surabaya', '1975-06-07', '08164276478', ''),
(64, 'Anawati ester', 'P', 'prapen indah B22', 'Surabaya', 'Jawa Timur', 'Surabaya', '1937-05-26', '8418730', ''),
(65, 'Awi', 'P', 'Raya Sesetan 323 A', 'denpasar', 'Bali', 'Denpasar', '1976-08-22', '0361 7469560', ''),
(66, 'A.Fakih Usman', 'L', 'Tenggilis timur VI/AA-18', 'Surabaya', 'Jawa Timur', 'Surabaya', '1974-10-06', '08123285060', ''),
(67, 'Arum Enggaringtyas', 'P', 'Raya sidokerto no 1', 'Sidoarjo', 'Jawa Timur', 'Sidoarjo', '1988-04-01', '08121657856', ''),
(68, 'Archytha', 'P', 'Gayungsari Timur VII/8', 'Surabaya', 'Jawa Timur', 'Surabaya', '1993-12-14', '081553273494', '741955e4'),
(69, 'Atik Purwanti', 'P', 'Undaan wetan 40', 'Surabaya', 'Jawa Timur', 'Surabaya', '1971-11-09', '0818582538', ''),
(70, 'Amelia Angelina', 'P', 'Rungkut mapan tengah IX/DI-10', 'Surabaya', 'Jawa Timur', 'Surabaya', '1993-07-06', '70907400', ''),
(71, 'Aseng', 'L', 'rungkut mapan tengah IX/DI-10', 'Surabaya', 'Jawa Timur', 'Surabaya', '1955-03-10', '70907400', ''),
(72, 'Amelia', 'P', 'Nanas Vi/571', 'Sidoarjo', 'Jawa Timur', 'Sidoarjo', '1968-09-02', '0318668771', ''),
(73, 'Albert', 'L', 'Manyar Kartika Timur IV/12', 'Surabaya', 'Jawa Timur', 'Surabaya', '1992-04-09', '081222307792', ''),
(74, 'Astrid', 'P', 'Nirwana Regency', 'Surabaya', 'Jawa Timur', 'Surabaya', '1985-05-17', '71034266', ''),
(75, 'Astri', 'P', 'Semalang Indah V Blok U17 No 19', 'Surabaya', 'Jawa Timur', 'Surabaya', '1987-04-16', '087852458581', ''),
(76, 'Areta', 'P', 'Sidosermo PDK I Timur', 'Surabaya', 'Jawa Timur', 'Surabaya', '2000-07-30', '085233655328', ''),
(77, 'Anna', 'P', 'Sidosermo II G- 10', 'Surabaya', 'Jawa Timur', 'Surabaya', '1973-03-22', '08165413071', '74e68fd9'),
(78, 'Avi', 'P', 'Wisma Tropodo DN 35', 'Surabaya', 'Jawa Timur', 'Surabaya', '2000-03-17', '08155241988', ''),
(79, 'Awitta Rizky p', 'P', 'Bendul Merisi Permai H 11', 'Surabaya', 'Jawa Timur', 'Surabaya', '1990-10-31', '03181511113', '7d80c1b2'),
(80, 'Adelia yemima Suharly', 'P', 'Kutisari Indah Barat V/2', 'Surabaya', 'Jawa Timur', 'Surabaya', '1998-06-05', '087856612310', ''),
(81, 'Amaranilla Nariswari', 'P', 'Sidosermo PDK 5A/44', 'Surabaya', 'Jawa Timur', 'Surabaya', '2000-05-05', '081217801414', ''),
(82, 'Adiyana winina', 'P', 'Nusantara II Blok BB 25', 'Surabaya', 'Jawa Timur', 'Surabaya', '1988-04-20', '08563262866', ''),
(83, 'Agustin Wijayanti', 'P', 'Kupang Segunting IV/33-A', 'Surabaya', 'Jawa Timur', 'Surabaya', '1980-08-07', '081230040678', '7D1D7DC3'),
(84, 'Allocita A', 'P', 'Sidosermo PDK 5A/44', 'Surabaya', 'Jawa Timur', 'Surabaya', '1996-09-03', '089656713543', ''),
(85, 'Amalia Ningtyas', 'P', 'Simo Rejosari B IX/23', 'Surabaya', 'Jawa Timur', 'Surabaya', '1991-05-04', '083830817000', ''),
(86, 'Adeline', 'P', 'Tenggilis Mejoyo E5', 'Surabaya', 'Jawa Timur', 'Surabaya', '1980-11-10', '8419953', ''),
(87, 'Ann Raphaelan', 'P', 'sidosermo 1', 'Surabaya', 'Jawa Timur', 'Surabaya', '1993-01-05', '085238807961', ''),
(88, 'Ardanari', 'P', 'Jemursari Selatan III/12', 'Surabaya', 'Jawa Timur', 'Surabaya', '1960-04-09', '8495840', ''),
(89, 'Andina', 'P', 'Ketintang I/22', 'Surabayas', 'Jawa Timur', 'Surabaya', '1983-09-26', '081232351621', ''),
(90, 'Alicia Dipta', 'P', 'Medayu Utara XVIII/41', 'Surabaya', 'Jawa Timur', 'Surabaya', '1996-02-07', '082229121155', ''),
(91, 'Betrice', 'P', 'Siwalan Kerto timur V/D206', 'Surabaya', 'Jawa Timur', 'Surabaya', '1980-09-08', '081938437427', ''),
(92, 'Bong Niny', 'P', 'Jemursari Selatan 6', 'Surabaya', 'Jawa Timur', 'Surabaya', '1976-02-20', '70171617', ''),
(93, 'Bertha Eoh', 'P', 'D.Bratan Timur C23 ', 'Malang', 'Jawa Timur', 'Malang', '1966-02-06', '081334609339', ''),
(94, 'Biancha', 'P', 'Jemursari XI E 13/41Perum Pertamina', 'Surabaya', 'Jawa Timur', 'Surabaya', '1987-05-01', '087855096004', ''),
(95, 'Betty', 'P', 'Delta Pelangi V/16', 'Sidoarjo', 'Jawa Timur', 'Sidoarjo', '1984-03-06', '70046071', ''),
(96, 'Budi', 'L', 'Pacar Keling 7/17', 'Surabaya', 'Jawa Timur', 'Surabaya', '1974-05-24', '082142667533', ''),
(97, 'Badzlina', 'P', 'Rungkut Mapan Timur VII/DG 14', 'Surabaya', 'Jawa Timur', 'Surabaya', '1994-06-27', '087808883113', ''),
(98, 'Bu Bazar', 'P', 'Tanjung Pinang 45 Perak', 'Surabaya', 'Jawa Timur', 'Surabaya', '1954-08-11', '031 8541177', ''),
(99, 'udi Herminingtyas', 'P', 'Jaksa Agung 5', 'Surabaya', 'Jawa Timur', 'Surabaya', '1972-07-17', '081359283037', ''),
(100, 'Brigitta', 'P', 'Dempo Df-26 KP', 'Malang', 'Jawa Timur', 'Malang', '1994-03-22', '081216761995', ''),
(101, 'Bella A', 'P', 'I gusti ngurah Rai C/6 Purimas', 'Surabaya', 'Jawa Timur', 'Surabaya', '1995-09-09', '081939206111', ''),
(102, 'Benny', 'L', 'Prapen Indah Timur VII AE-8', 'Surabaya', 'Jawa Timur', 'Surabaya', '1950-03-09', '08123597582', ''),
(103, 'Bahriyatul Hidayah', 'P', 'Wonocolo III/18A', 'Surabaya', 'Jawa Timur', 'Surabaya', '1992-02-07', '085732006212', ''),
(104, 'Bettys', 'P', 'Semolowaru Elok Blok K/15', 'Surabaya', 'Jawa Timur', 'Surabaya', '1953-11-11', '0315949107', ''),
(105, 'Caroline', 'P', 'Tenggilis Mejoyo AM 11', 'Surabaya', 'Jawa Timur', 'Surabaya', '1996-08-10', '089671922431', ''),
(106, 'Caroline ', 'P', 'Bendul Merisi Selatan II/20', 'Surabaya', 'Jawa Timur', 'Surabaya', '1979-08-22', '03170906450', ''),
(107, 'Chitra', 'P', 'Sidosermo Pdk 1 timur no 20', 'Surabaya', 'Jawa Timur', 'Surabaya', '1990-03-26', '087855899979', ''),
(108, 'Caroline', 'P', 'Siwalan Kerto Padang Pasir AA 10 ', 'Surabaya', 'Jawa Timur', 'Surabaya', '2014-09-04', '081253998720', ''),
(109, 'Christine', 'P', 'Jemursari Regency E-17', 'Surabaya', 'Jawa Timur', 'Surabaya', '1980-11-16', '08165427082', ''),
(110, 'Cindy Pradja', 'P', 'Kupang Indah 12/15', 'Surabaya', 'Jawa Timur', 'Surabaya', '1961-04-19', '79380812', ''),
(111, 'Cindy', 'P', 'Rungkut Mapan Utara CA 23/Melon Tengah No 49 Pocan', 'Sidoarjo', 'Jawa Timur', 'Sidoarjo', '1990-12-18', '085645179529', ''),
(112, 'Carlo', 'P', 'Siwalankerto 120 B', 'Surabaya', 'Jawa Timur', 'Surabaya', '1989-01-28', '0816511991', ''),
(113, 'Charin', 'P', 'Sidosermo Blok J no 20', 'Surabaya', 'Jawa Timur', 'Surabaya', '1990-10-12', '083849171147', '237da051'),
(114, 'Christina Indrayanti', 'P', 'Kutisari Utara III Residence no 31', 'Surabaya', 'Jawa Timur', 'Surabaya', '1988-12-26', '081803873943', ''),
(115, 'Ibu Cepy', 'P', 'Nias 14', 'Surabaya', 'Jawa Timur', 'Surabaya', '1953-07-03', ')8155115830', '21d9c662'),
(116, 'Christy', 'P', 'Tenggilis Apt Metropolis', 'Surabaya', 'Jawa Timur', 'Surabaya', '1991-05-27', '085248989890', ''),
(117, 'Cindy', 'P', 'SiwalanKerto no 81', 'Surabaya', 'Jawa Timur', 'Surabaya', '1993-01-31', '087832307071', ''),
(118, 'Christine Natalia', 'P', 'Tenggilis Timur VI/AA-18', 'Surabaya', 'Jawa Timur', 'Surabaya', '1980-12-21', '08123262233', ''),
(119, 'Cindy Yuanita', 'P', 'Kutisari Indah Utara 3/57', 'Surabaya', 'Jawa Timur', 'Surabaya', '1980-06-10', '70705131', ''),
(120, 'Christoper Jason', 'L', 'Taman Kendangsari 44', 'Surabaya', 'Jawa Timur', 'Surabaya', '1992-11-10', '081332086810', ''),
(121, 'Clorentina Conny Cloronta', 'P', 'Rungkut Mejoyo Selatan L-9', 'Surabaya', 'Jawa Timur', 'Surabaya', '1994-10-15', '085852190826', ''),
(122, 'Cici Mariya', 'P', 'H. Syukur G Blok B 43', 'Surabaya', 'Jawa Timur', 'Surabaya', '1989-09-14', '088805712733', ''),
(123, 'Citra Wardani', 'P', 'Nginden Intan Timur A3-19', 'Surabaya', 'Jawa Timur', 'Surabaya', '1985-04-10', '081515111123', ''),
(124, 'cici', 'P', 'Kendangsari VI/34', 'Surabaya', 'Jawa Timur', 'Surabaya', '1963-05-15', '08155232148', ''),
(125, 'Cecilia', 'P', 'Pondok maspion 1/9', 'Sidoarjo', 'Jawa Timur', 'Sidoarjo', '1986-11-22', '082245080820', ''),
(126, 'Christina S.L.K', 'P', 'Karangrejo XV/22', 'Surabaya', 'Jawa Timur', 'Surabaya', '1987-09-16', '085648642116', ''),
(127, 'Cut Venty', 'P', 'Ikan Kerapu No 27, Tamrin', 'Jakarta', 'Jawa Timur', 'Jakarta', '1992-10-02', '081216593668', ''),
(128, 'Chrise', 'L', 'Dharmahusada Indah II/79 L-163', 'Surabaya', 'Jawa Timur', 'Surabaya', '1982-01-26', '083849268988', ''),
(129, 'Chingdranita', 'P', 'Dharmahusada IndahA-27', 'Surabaya', 'Jawa Timur', 'Surabaya', '1973-09-19', '70792873', ''),
(130, 'Claudia Devi', 'P', 'Central Park A.Yani B-16', 'Sidoarjo', 'Jawa Timur', 'Sidoarjo', '1988-11-19', '081703844467', '5135118e'),
(131, 'Chyka', 'P', 'Bendul Merisi Permai K/10 ', 'Surabaya', 'Jawa Timur', 'Surabaya', '1990-02-21', '031 8437851', ''),
(132, 'Christine', 'P', 'Semolowaru Indah II/ blok s-7', 'Sidoarjo', 'Jawa Timur', 'Sidoarjo', '1980-07-30', '70099080', ''),
(133, 'Christina', 'P', 'Kutisari Indah Utara 9/41', 'Surabaya', 'Jawa Timur', 'Surabaya', '1972-04-13', '08165405794', ''),
(134, 'C. Husada', 'P', 'Kertajaya VII/9', 'Surabaya', 'Jawa Timur', 'Surabaya', '1940-12-21', '08123102326', ''),
(135, 'Chepty', 'P', 'Kedung Klinter VII/26', 'Surabaya', 'Jawa Timur', 'Surabaya', '1987-09-04', '085645383434', ''),
(136, 'Ch. Mahesti K', 'P', 'Dempo DF-26 Kp', 'Surabaya', 'Jawa Timur', 'Surabaya', '1979-12-14', '08123025613', ''),
(137, 'Cory Irawan ', 'P', 'Kendangsari VI/27', 'Surabaya', 'Jawa Timur', 'Surabaya', '1941-05-31', '8413969', ''),
(138, 'Cindy Eleonera', 'P', 'Raya Kutisari Indah U5', 'Surabaya', 'Jawa Timur', 'Surabaya', '1993-07-23', '08175115894', ''),
(139, 'Camelia Puspaningrum D', 'P', 'Kalibutuh Timur Gang Langgar no 4', 'Surabaya', 'Jawa Timur', 'Surabaya', '1994-09-20', '083831220789', ''),
(140, 'Cindy E.G', 'P', 'Raya Kutisari Indah 45', 'Surabaya', 'Jawa Timur', 'Surabaya', '1993-07-23', '08175115894', ''),
(141, 'Candra Wibisono', 'L', 'Panjang Jiwo Va/12', 'Surabaya', 'Jawa Timur', 'Surabaya', '1997-04-13', '083856061123', '7e84edc1'),
(142, 'Catharina F.S', 'P', 'Margorejo Tangsi II/7-O', 'Surabaya', 'Jawa Timur', 'Surabaya', '1986-02-04', '087853545985', ''),
(143, 'Chicha', 'P', 'Nanas Utara III/369 Pondok Chandra', 'Sidoarjo', 'Jawa Timur', 'Sidoarjo', '1983-03-05', '08175266909', ''),
(144, 'Dwi artanti', 'P', 'Kutisari Indah Utara III/ 64', 'Surabaya', 'Jawa Timur', 'Surabaya', '1980-01-13', '08123221687', ''),
(145, 'Dian Tria Rahayu', 'P', 'Delta Sari Indah BB 15', 'Sidoarjo', 'Jawa Timur', 'Sidoarjo', '1991-06-27', '081334790217', ''),
(146, 'Dwi Aceani', 'P', 'Ngagel Wasana I/106', 'Surabaya', 'Jawa Timur', 'Surabaya', '1980-10-26', '08121777532', ''),
(147, 'Daniel Chandra', 'L', 'Kendangsari I 18', 'Surabaya', 'Jawa Timur', 'Surabaya', '1987-10-24', '081703326923', ''),
(148, 'Dini Agustina', 'P', 'Rungkut Menanggal Harapan', 'Surabaya', 'Jawa Timur', 'Surabaya', '1970-08-24', '081333960791', ''),
(149, 'Daisy', 'P', 'Kutisari Indah Utara III/5', 'Surabaya', 'Jawa Timur', 'Surabaya', '1960-10-17', '8496332', ''),
(150, 'Dhea', 'P', 'Gunung Anyar Jaya I/28', 'Surabaya', 'Jawa Timur', 'Surabaya', '1992-07-16', '081230079939', ''),
(151, 'Devi Dian', 'P', 'Rangkah 7/41', 'Surabaya', 'Jawa Timur', 'Surabaya', '1977-05-30', '3721641', ''),
(152, 'Dya', 'P', 'Jambangan', 'Surabaya', 'Jawa Timur', 'Surabaya', '1988-02-22', '082233296942', ''),
(153, 'Dzikrull Difani', 'L', 'Pondok Jati / BD 13', 'Surabaya', 'Jawa Timur', 'Surabaya', '1990-08-13', '081938185339', ''),
(154, 'Danny', 'L', 'Margorejo Indah B-313', 'Surabaya', 'Jawa Timur', 'Surabaya', '1981-04-02', '083856756790', ''),
(155, 'Dewi Masitta', 'P', 'Jl Jaha Sma 98 no 2Kalisari rasar rebo ', 'Jaktim', 'Jakarta', 'Jakarta', '1985-08-03', '08563120890', ''),
(156, 'Dimas', 'L', 'Geluran 14', 'Sidoarjo', 'Jawa Timur', 'Sidoarjo', '1983-11-19', '60221903', ''),
(157, 'Dotty Joedowati', 'P', 'Barrahmad 148 ', 'Lamongan', 'Jawa Timur', 'Lamongan', '1957-01-26', '0811379273', ''),
(158, 'Devina A', 'P', 'Rungkut Asri Timur 14/83', 'Surabaya', 'Jawa Timur', 'Surabaya', '1986-04-22', '081332241986', ''),
(159, 'Daniel Kurniawan', 'L', 'Perum Deltasari, Delta Asri 28', 'Sidoarjo', 'Jawa Timur', 'Sidoarjo', '1995-02-22', '087853379900', ''),
(160, 'Dorothea Ervina', 'P', 'Kutisari Selatan no 94', 'Surabaya', '-', 'Surabaya', '1986-04-13', '081808688876', ''),
(161, 'Debi', 'P', 'Regency 21 Blok H- 49', 'Surabaya', 'Jawa Timur', 'Surabaya', '1985-06-14', '0811333870', ''),
(162, 'Desynta', '0', 'Kutisari Indah Utara X/8', 'Surabaya', '-', 'Surabaya', '1980-12-26', '081357112298', ''),
(163, 'Dyah', 'P', 'Mangga 104 Wage Taman', 'Sidoarjo', 'Jawa Timur', 'Sidoarjo', '1980-08-23', '0813300765', ''),
(164, 'Dasay Nurmaya', 'P', 'Sidosermo', 'Surabaya', 'Jawa Timur', 'Surabaya', '1991-01-03', '081931625567', ''),
(165, 'Dian Permatasari', 'P', 'Rungkut Asri Barat XIII/18', 'Surabaya', 'Jawa Timur', 'Surabaya', '1990-03-24', '087853110099', ''),
(166, 'Dina', 'P', 'Telaga Boder W2/5', 'Malang', 'Jawa Timur', 'Malang', '1961-06-13', '081945552961', ''),
(167, 'dr. Dyan Pramesti', 'P', 'Barata Jaya IV/25', 'Surabaya', 'Jawa Timur', 'Surabaya', '1952-10-04', '08123007023', ''),
(168, 'Diana', 'P', 'Manyar Kartika', 'Surabaya', 'Jawa Timur', 'Surabaya', '1950-01-25', '60720259', ''),
(169, 'Dyah Puji', 'P', 'Raya Sidokerto no 1', 'Sidoarjo', 'Jawa Timur', 'Sidoarjo', '1962-12-28', '081331351328', ''),
(170, 'David', 'L', 'Kedung Anyar V/373', 'Surabaya', 'Jawa Timur', 'Surabaya', '1987-06-15', '085643338222', ''),
(171, 'Devi Dian', 'P', 'Rangkah 7/41', 'Surabaya', 'Jawa Timur', 'Surabaya', '1977-05-30', '08123174155', ''),
(172, 'Bu, Dhani', 'P', 'Gunung Sari 1/50', 'Surabaya', 'Jawa Timur', 'Surabaya', '1966-01-07', '081331293011', ''),
(173, 'Dayati Novida', 'P', 'Perum Taman Sidoarjo Blok K- 55 ', 'Krian', 'Jawa Timur', 'Krian', '1980-06-04', '085606258131', ''),
(174, 'Debby Novianti', 'P', 'wonorejo Permai Selatan II/7 Nirwana eksekutif CC-139', 'Surabaya', 'Jawa Timur', 'Surabaya', '1980-11-21', '081554471187', ''),
(175, 'Denny Arsilia fauti', 'P', 'Jepara VII/9', 'Surabaya', 'Jawa Timur', 'Surabaya', '1981-09-29', '91259174', ''),
(176, 'Dwi Purwanti', 'P', 'Pondok Pinang B 30 Rt 38 Rw 05 Sukorejo', 'Bojonegoro', 'Jawa Timur', 'Sukorejo', '1963-11-30', '081331845385', ''),
(177, 'Dini Lies Setyawati', 'P', 'Raya Prapen 37 Bengkel Tondo Asmadie', 'Surabaya', 'Jawa Timur', 'Surabaya', '1960-09-15', '085648052278', ''),
(178, 'Dwi Purnamasari', 'P', 'Taman Pondok jati BD-11', 'Sidoarjo', 'Jawa Timur', 'Sidoarjo', '1993-05-14', '087855083407', ''),
(179, 'Dwi Diniary', 'P', 'Wonocolo VII/27', 'Surabaya', 'Jawa Timur', 'Surabaya', '1977-08-05', '08175111302', ''),
(180, 'Devi', 'P', 'Jemur Wonosari jj/15', 'Surabaya', 'Jawa Timur', 'Surabaya', '1981-12-18', '70367641', ''),
(181, 'Deyce', 'P', 'Jati Selatan 4/9', 'Sidoarjo', 'Jawa Timur', 'Sidoarjo', '1986-12-16', '087852578287', ''),
(182, 'Devina R', 'P', 'Tenggilis Utara II/37', 'Surabaya', 'Jawa Timur', 'Surabaya', '1985-01-15', '081703898070', ''),
(183, 'Devi ', '0', 'Jeruk IX/531', 'Sidoarjo', '-', 'Sidoarjo', '1978-11-26', '081330055668', '2bc3a6d8'),
(184, 'Dibri Puspita', 'P', 'Tenggilis Mejoyo Utara B/III', 'Surabaya', 'Jawa Timur', 'Surabaya', '1980-04-24', '085731099913', ''),
(185, 'Dida', 'L', 'Ruko Panjang Jiwo Blok 12r Panji Makmur 46-A8', 'Surabaya', 'Jawa Timur', 'Surabaya', '1989-12-17', '083871278858', ''),
(186, 'Diana', 'P', 'Dukuh Kupang Barat VII/25', 'Surabaya', 'Jawa Timur', 'Surabaya', '1976-03-11', '5671465', ''),
(187, 'Diah Sawitri', 'P', 'Jemur Ngawinan IA/6', 'Surabaya', 'Jawa Timur', 'Surabaya', '1972-10-04', '8481002', ''),
(188, 'Dwi retno', 'P', 'Rungkut Mapan Tengah VIII/CG-35', 'Surabaya', 'Jawa Timur', 'Surabaya', '1990-06-17', '087852305475', ''),
(189, 'Dya', 'P', 'Sidosermo 76-78', 'Surabaya', 'Jawa Timur', 'Surabaya', '1988-02-28', '081336119555', ''),
(190, 'Dwi jati', 'P', 'Bendul Merisi 130 B', 'Surabaya', 'Jawa Timur', 'Surabaya', '1990-08-29', '081392122696', ''),
(191, 'Dewi golose', 'P', 'Kutisari Selatan II/73', 'Surabaya', 'Jawa Timur', 'Surabaya', '1993-03-23', '082132950900', ''),
(192, 'Dian', 'P', 'Siwalankerto', 'Surabaya', 'Jawa Timur', 'Surabaya', '1976-12-04', '081330897708', ''),
(193, 'Dermawan Simatupang', 'L', 'Jemurandayani XX/36', 'Surabaya', 'Jawa Timur', 'medan', '1976-05-13', '0811470737', ''),
(194, 'David', 'L', 'Ngagel madya 7/24', 'Surabaya', 'Jawa Timur', 'Surabaya', '1968-02-22', '081330310000', ''),
(195, 'Dewi Rachmat', 'P', 'Perum Wage Permai E', 'Sidoarjo', 'Jawa Timur', 'Sidoarjo', '1978-12-24', '088830009656', ''),
(196, 'Dewi Wulandar', 'P', 'Tenggilis Mejoyo W-45', 'Surabaya', 'Jawa Timur', 'Surabaya', '1981-02-05', '8411226', ''),
(197, 'Diana Dharmanata', 'P', 'Karang Asem V/26', 'Surabaya', 'Jawa Timur', 'Surabaya', '1970-03-11', '08977333958', ''),
(198, 'Dinda', 'P', 'Perum Wisma Mukti, Klampis anom 3/F-10', 'Surabaya', 'Jawa Timur', 'Surabaya', '1988-02-22', '081335604778', ''),
(199, 'Diva', 'P', 'Pondok Sedati Asri F/4', 'Sidoarjo', 'Jawa Timur', 'Sidoarjo', '2004-02-20', '08175012940', ''),
(200, 'Denny', 'L', 'Sidoarjo', 'Sidoarjo', 'Jawa Timur', 'Sidoarjo', '1976-01-10', '085931223443', ''),
(201, 'Dian P', 'P', 'Rungkut Asri Barat XIII/18', 'Surabaya', 'Jawa Timur', 'Surabaya', '1990-03-24', '081703700014', ''),
(202, 'Dianisa Milanova A', 'P', 'Jemur Wonosari', 'Surabaya', 'Jawa Timur', 'Surabaya', '1991-11-04', '085731538698', ''),
(203, 'Devy', 'P', 'Manggis VII/622', 'Sidoarjo', 'Jawa Timur', 'Sidoarjo', '1986-11-22', '085655525722', ''),
(204, 'Deby', 'P', 'Manggis VII/622', 'Sidoarjo', 'Jawa Timur', 'Sidoarjo', '2015-06-22', '081937175777', ''),
(205, 'Dewi Puspita', 'P', 'Rungkut Lor RL 2H/21', 'Surabaya', 'Jawa Timur', 'Surabaya', '1974-12-23', '08123221287', ''),
(206, 'Devi', 'P', 'Perum Prima Garden Estate Blok B4 no 8', 'Sidoarjo', 'Jawa Timur', 'Sidoarjo', '1960-06-29', '72007674', ''),
(207, 'Dameria', 'P', 'Medokan Asri Utara 14 R 25', 'Surabaya', 'Jawa Timur', 'Surabaya', '1971-08-03', '081357409878', ''),
(208, 'Dios Agustinus', 'L', 'Manukan Krido Blok 5B/13', 'Surabaya', 'Jawa Timur', 'Surabaya', '1986-08-12', '081268959459', ''),
(209, 'Dining Sri A', 'P', 'Medayu Utara XVIII/41', 'Surabaya', 'Jawa Timur', 'Surabaya', '1968-03-29', '081331969902', ''),
(210, 'Evelyn E rompas', 'P', 'Cendbun no 91', 'Surabaya', 'Jawa Timur', 'Surabaya', '1982-04-14', '082141255555', ''),
(211, 'Evy S.S', 'P', 'Juanda Harapan Permai H-5', 'Sidoarjo', 'Jawa Timur', 'Sidoarjo', '1957-11-09', '085755655757', ''),
(212, 'Endy H', 'L', 'Jl Menur Pumpungan', 'Surabaya', 'Jawa Timur', 'Surabaya', '1996-09-19', '087873132969', ''),
(213, 'Evie ', 'P', 'Gunung Sari Indah Y2', 'Surabaya', 'Jawa Timur', 'Surabaya', '1973-06-13', '081315369569', ''),
(214, 'Evelina', 'P', 'Juanda Harapan Permai H-5', 'Sidoarjo', 'Jawa Timur', 'Sidoarjo', '1984-02-29', '081939832329', ''),
(215, 'Eva Rosalina', 'P', 'Girilaya 8 no 15', 'Surabaya', 'Jawa Timur', 'Surabaya', '1987-12-08', '085648492029', ''),
(216, 'Endriani Nur Wulan', 'P', 'Sumur Welut Pesapen V/119 A', 'Surabaya', 'Jawa Timur', 'Surabaya', '1979-09-26', '082131231887', ''),
(217, 'Eka Norma P', 'P', 'Wonosari Kidul II/10A', 'Surabaya', 'Jawa Timur', 'Surabaya', '1988-11-15', '085706208991', ''),
(218, 'Ellys', 'P', 'Capung 86 ', 'Sidoarjo', 'Jawa Timur', 'Sidoarjo', '1960-06-13', '72699618', ''),
(219, 'Evelyne', 'P', 'Danau Toba E5A no 17A', 'Malang', 'Jawa Timur', 'Malang', '1980-05-15', '085815098016', ''),
(220, 'Elisabeth', 'P', 'Lebak Timur VI/2B', 'Surabaya', 'Jawa Timur', 'Surabaya', '1981-10-01', '08155157676', ''),
(221, 'Efi Mufida', 'P', 'Margorejo Indah Residecen B-934A', 'Surabaya', 'Jawa Timur', 'Surabaya', '1973-08-05', '0816515035', ''),
(222, 'Eva Indawati', 'P', 'Gubeng KERTAJAYA 6b/44', 'Surabaya', 'Jawa Timur', 'Surabaya', '1964-08-28', '81822570', ''),
(223, 'Elyani', 'P', 'Makam Peneleh 23', 'Surabaya', 'Jawa Timur', 'Surabaya', '1973-06-19', '60729739', ''),
(224, 'Ester Ky ', 'P', 'Permata Alam Permai CC2/12 Gedangan', 'Sidoarjo', 'Jawa Timur', 'Sidoarjo', '1976-06-08', '081803058512', ''),
(225, 'Eva', 'P', 'Kedondong Lor 3/5B', 'Surabaya', 'Jawa Timur', 'Surabaya', '1985-06-02', '081233298449', ''),
(226, 'Eve Tan', 'P', 'Cosmopolis Apartement C-203 Jl Arif Rahman Hakim no 147', 'Surabaya', 'Jawa Timur', 'Surabaya', '1984-08-14', '083846333111', ''),
(227, 'Erawati H', 'P', 'Pecatu E 14/11', 'Surabaya', 'Jawa Timur', 'Surabaya', '1966-06-14', '8721015', ''),
(228, 'Evi', 'P', 'Kendangsari VIII/7 YKP', 'Surabaya', 'Jawa Timur', 'Surabaya', '2000-05-05', '8416349', ''),
(229, 'Evelyn', 'P', 'Pancawarna 7.1/15', 'Surabaya', 'Jawa Timur', 'Surabaya', '1997-02-26', '083832613386', ''),
(230, 'Eka Anggraini', 'P', 'Ir Juanda Damarsi', 'Sidoarjo', 'Jawa Timur', 'Sidoarjo', '1992-08-28', '34545708', ''),
(231, 'Enggelien', 'P', 'Tenggilis Timur Dalam no 30', 'Surabaya', 'Jawa Timur', 'Surabaya', '1977-05-08', '081330377171', ''),
(232, 'Emilia', 'P', 'Semolowaru Tengah 14/38', 'Surabaya', 'Jawa Timur', 'Surabaya', '1979-09-11', '083854975777', ''),
(233, 'Ester Lany', 'P', 'Kutisari Indah Selatan I/42', 'Surabaya', 'Jawa Timur', 'Surabaya', '1973-03-30', '08165435142', '28bf5fa9'),
(234, 'Elsya Aditia', 'P', 'G.Anyar Permai Regency 43', 'Surabaya', 'Jawa Timur', 'Surabaya', '1984-09-12', '08123020769', ''),
(235, 'Enny Listiawati', 'P', 'Pesalakan Bangkalan', 'Bangkalan', 'Jawa Timur', 'Bangkalan', '1983-05-31', '081703339346', ''),
(236, 'Esti Sustriyatama', 'P', 'PerumJaya Regency Blok Y-56', 'Sidoarjo', 'Jawa Timur', 'Sidoarjo', '1987-08-24', '081332520187', ''),
(237, 'Emma', 'P', 'SiwalanKerto no 35', 'Surabaya', 'Jawa Timur', 'Surabaya', '1990-06-28', '08564341674', ''),
(238, 'Erlinda Zebua', 'P', 'Tm. Bendul Merisi Selatan no 24', 'Surabaya', 'Jawa Timur', 'Surabaya', '1986-01-10', '081326149390', ''),
(239, 'Edbert', 'L', 'Jemursari Selatan I/28', 'Surabaya', 'Jawa Timur', 'Surabaya', '1978-12-11', '087855363335', ''),
(240, 'erna', 'P', 'Jemursari Selatan I/28', 'Surabaya', 'Jawa Timur', 'Surabaya', '1977-12-11', '085931179553', ''),
(241, 'Eva El Fitriyah', 'P', 'Semolowaru elok I/8', 'Surabaya', 'Jawa Timur', 'Surabaya', '1984-06-23', '085731010681', ''),
(242, 'Euis', 'P', 'Gadelsari Praja III/33', 'Surabaya', 'Jawa Timur', 'Surabaya', '1975-06-09', '0817300264', ''),
(243, 'Evelyn', 'P', 'Jemursari no 48', 'Surabaya', 'Jawa Timur', 'Surabaya', '1960-11-07', '8436382', ''),
(244, 'Elok Amelia', 'P', 'Jagir sidosermo X/22', 'Surabaya', 'Jawa Timur', 'Surabaya', '1987-05-20', '087737003388', ''),
(245, 'Ellen', 'P', 'Rungkut Asri Tengah 30', 'Surabaya', 'Jawa Timur', 'Surabaya', '1972-01-06', '0818511120', ''),
(246, 'Esther', 'P', 'Margorejo Indah 1C-204', 'Surabaya', 'Jawa Timur', 'Surabaya', '1962-08-21', '0818379086', ''),
(247, 'Elizabeth', 'P', 'Ngangel Jaya Tengah 8/11', 'Surabaya', 'Jawa Timur', 'Surabaya', '1987-04-22', '082140937319', ''),
(248, 'Erna NB', 'P', 'Nirwana Executive CC 35 F', 'Surabaya', 'Jawa Timur', 'Surabaya', '1970-09-25', '08155199393', ''),
(249, 'Eni', 'P', 'Sidosermo 2/28 A', 'Surabaya', 'Jawa Timur', 'Surabaya', '1980-04-23', '081230542622', '759dd894'),
(250, 'elizabeth Claudia ', 'P', 'Kutisari Indah Barat IV/4A', 'Surabaya', 'Jawa Timur', 'Surabaya', '1994-07-05', '083853181074', ''),
(251, 'Erny', 'P', 'Regency 21/E-10', 'Surabaya', 'Jawa Timur', 'Surabaya', '1969-08-14', '087853199606', ''),
(252, 'Erisa', 'P', 'Manyar Sambongan 85 H', 'Surabaya', 'Jawa Timur', 'Surabaya', '1992-06-29', '083830388892', ''),
(253, 'Elfi Sheraton', 'P', 'Tanjung Pinang 45 ', 'Surabaya', 'Jawa Timur', 'Surabaya', '1950-05-16', '081330036655', ''),
(254, 'Endang', 'P', 'Sidomulyo Baru 1D /19', 'Surabaya', 'Jawa Timur', 'Surabaya', '1972-03-15', '081331003231', ''),
(255, 'Endang Siwi', 'P', 'Griya Wage Asri F-7', 'Sidoarjo', 'Jawa Timur', 'Sidoarjo', '1962-09-20', '081231339449', ''),
(256, 'Evi Budiman', 'P', 'Donokerto 3/15', 'Sidoarjo', 'Jawa Timur', 'Sidoarjo', '1988-04-12', '08993889184', ''),
(257, 'Erik Andrias', 'L', 'Perum Grand Soeroso Kav 24 ', 'Malang', 'Jawa Timur', 'Malang', '1984-06-12', '081252028494', ''),
(258, 'Elly (mama olivia)', 'P', 'Jemursari', 'Surabaya', 'Jawa Timur', 'Surabaya', '1950-02-22', '083857165608', ''),
(259, 'Erna Prihatini', 'P', 'Patriot gang Perintis no 1', 'Pekalongan', 'Jawa Timur', 'Pekalongan', '1964-03-29', '085640959596', ''),
(260, 'Ello', 'L', 'Bl Garut Rt 4 Rw 2', 'Sidoarjo', 'Jawa Timur', 'Sidoarjo', '1988-10-28', '0818518064', ''),
(261, 'Elsistari Maharani', 'P', 'Kedungsari 137', 'Surabaya', 'Jawa Timur', 'Surabaya', '1992-05-08', '085655272939', '53ebf39d'),
(262, 'Elaine', 'P', 'Regency 21E-10', 'Surabaya', 'Jawa Timur', 'Surabaya', '2005-11-25', '08179760420', ''),
(263, 'Echa', 'P', 'Sidosermo', 'Surabaya', 'Jawa Timur', 'Surabaya', '1996-08-09', '082359496784', ''),
(264, 'Elly', 'P', 'Margorejo Indah D324', 'Surabaya', 'Jawa Timur', 'Surabaya', '1960-10-08', '71331000', ''),
(265, 'Edy Purwanto', 'L', 'Margorejo III D/ 79D', 'Surabaya', 'Jawa Timur', 'Surabaya', '1961-01-22', '08123317273', ''),
(266, 'Evy Wahyuningsih', 'P', 'Gunungsari Indah Blok A2-13', 'Surabaya', 'Jawa Timur', 'Surabaya', '1972-03-01', '08113449997', ''),
(267, 'Fransiska', 'P', 'Bentul I/12', 'Surabaya', 'Jawa Timur', 'Surabaya', '1968-11-08', '77418000', ''),
(268, 'Fitri Yuniati', 'P', 'Plaza marina', 'Surabaya', 'Jawa Timur', 'Surabaya', '1987-03-24', '087852669200', ''),
(269, 'Faidhatul Hidayati Ningsih', 'P', 'Ds. Semampir Rt 3/ Rw 2', 'Surabaya', 'Jawa Timur', 'Surabaya', '1988-06-28', '085231604121', ''),
(270, 'Fanny Sutedja', 'P', 'Sidosermo PDK V/372', 'Surabaya', 'Jawa Timur', 'Surabaya', '1972-07-17', '0818302646', ''),
(271, 'Fifi', 'P', 'Mulyosari Utara No 50', 'Surabaya', 'Jawa Timur', 'Surabaya', '1972-10-01', '08223367200', ''),
(272, 'Ferawinda Desna', 'P', 'Tenggilis Mejoyo Selatan ', 'Surabaya', 'Jawa Timur', 'Surabaya', '1994-12-29', '085250399321', ''),
(273, 'Feby ', 'P', 'Sidosermo', 'Surabaya', 'Jawa Timur', 'Surabaya', '1992-05-24', '087854547188', ''),
(274, 'Fadilah', 'P', 'Sidosermo PDK Va kav 7C', 'Surabaya', 'Jawa Timur', 'Surabaya', '1998-09-22', '088217660970', ''),
(275, 'Fany', 'P', 'Kebraon Indah Permai J/38', 'Surabaya', 'Jawa Timur', 'Surabaya', '1990-04-10', '085731111771', ''),
(276, 'Fitri Isliana', 'P', 'Dawarblandong', 'Mojokerto', 'Jawa Timur', 'Mojokerto', '1989-04-11', '081330904346', ''),
(277, 'Fitri', 'P', 'Wiguna Selatan XIV no 38', 'Surabaya', 'Jawa Timur', 'Surabaya', '1986-06-06', '087838155507', ''),
(278, 'Fransisca Dessy', 'P', 'Rungkut Asri Barat XI/36', 'Surabaya', 'Jawa Timur', 'Surabaya', '1983-12-17', '0818370161', ''),
(279, 'drg. Fitria P', 'P', 'Gubeng Kertajaya 7C no 9A', 'Surabaya', 'Jawa Timur', 'Surabaya', '1986-06-20', '085733888475', ''),
(280, 'Fitria Novieta', 'P', 'Griya Candramas BB-48', 'Surabaya', 'Jawa Timur', 'Surabaya', '1976-11-07', '081330410102', ''),
(281, 'Franky Arta W', 'L', 'Sidosermo PDK IVe kav 64', 'Surabaya', 'Jawa Timur', 'Surabaya', '1988-06-01', '081364373494', ''),
(282, 'Finny', 'P', 'Manyar Kartika 4/21', 'Surabaya', 'Jawa Timur', 'Surabaya', '1950-05-27', '0811316152', ''),
(283, 'Fatma', 'P', 'DK. Karangan VI', 'Surabaya', 'Jawa Timur', 'Surabaya', '1981-07-13', '031 70731292', ''),
(284, 'Feliani', 'P', 'Jemursari 48', 'Surabaya', 'Jawa Timur', 'Surabaya', '1961-05-11', '082139106812', ''),
(285, 'Fatimah', 'P', 'Sidoarjo', 'Sidoarjo', 'Jawa Timur', 'Sidoarjo', '1969-03-31', '72894995', ''),
(286, 'Fiona', 'P', 'Dharmahusada Indah Timur XVI/J82', 'Surabaya', 'Jawa Timur', 'Surabaya', '1986-01-13', '081805945498', ''),
(287, 'Fauziah H', 'P', 'Kendangsari Dalam no 56', 'Surabaya', 'Jawa Timur', 'Surabaya', '1949-04-14', '081386000852', ''),
(288, 'Fuji S', 'P', 'Kendangsari 3 No 2', 'Surabaya', 'Jawa Timur', 'Surabaya', '1963-12-05', '08123503357', ''),
(289, 'Farida Kartika Wati', 'P', 'Pumpungan 4/27', 'Surabaya', 'Jawa Timur', 'Surabaya', '1985-02-11', '085753314799', ''),
(290, 'Floriana Nataly', 'P', 'Taman Pondok Jati B-7', 'Sidoarjo', 'Jawa Timur', 'Sidoarjo', '1988-12-17', '08175111551', ''),
(291, 'Fonda', 'P', 'Ngagel Tama Utara 4/11', 'Surabaya', 'Jawa Timur', 'Surabaya', '1988-08-17', '085733667789', ''),
(292, 'Faulann I.A.F', 'P', 'Kalijudan X/11', 'Surabaya', 'Jawa Timur', 'Surabaya', '1974-06-17', '08563204117', ''),
(293, 'Fonny', 'P', 'Jakarta', 'Jakarta', 'Jawa Timur', 'Jakarta', '1976-04-20', '082230254717', ''),
(294, 'drg.Fenti Ayu', 'P', 'Keputih Tegal No 77', 'Surabaya', 'Jawa Timur', 'Surabaya', '1975-08-05', '70077877', ''),
(295, 'Fenny', 'P', 'Prapen Indah B 22', 'Surabaya', 'Jawa Timur', 'Surabaya', '1965-02-25', '71520565', ''),
(296, 'Farah Khoirunnisa', 'P', 'Tenggilis Kauman IV/20C', 'Surabaya', 'Jawa Timur', 'Surabaya', '1995-12-24', '089677338254', ''),
(297, 'Fredina Milasari', 'P', 'Margorejo tangsi VI/19A', 'Surabaya', 'Jawa Timur', 'Surabaya', '1977-04-25', '081703668297', ''),
(298, 'Fang-Fang', 'P', 'wisata Bukitmas C5/17', 'Surabaya', 'Jawa Timur', 'Surabaya', '1969-12-29', '71206588', ''),
(299, 'Frizkana Meilia', 'P', 'Ketintang Baru II/Kav 6', 'Surabaya', 'Jawa Timur', 'Surabaya', '1984-05-12', '087852290141', ''),
(300, 'Felicia', 'P', 'Graha sedati mas i-24', 'Sidoarjo', 'Jawa Timur', 'Sidoarjo', '1980-06-23', '08123024697', ''),
(301, 'Febe', 'P', 'Prapen Indah Timur VII/AD 22', 'Surabaya', 'Jawa Timur', 'Surabaya', '1966-09-28', '08123206233', '');

-- --------------------------------------------------------

--
-- Struktur dari tabel `rekammedis`
--

CREATE TABLE IF NOT EXISTS `rekammedis` (
  `IDREKAM` int(11) NOT NULL,
  `IDPASIEN` int(11) DEFAULT NULL,
  `TANGGALREKAM` date DEFAULT NULL
) ENGINE=InnoDB AUTO_INCREMENT=317 DEFAULT CHARSET=latin1;

--
-- Dumping data untuk tabel `rekammedis`
--

INSERT INTO `rekammedis` (`IDREKAM`, `IDPASIEN`, `TANGGALREKAM`) VALUES
(2, 3, '2015-05-22'),
(3, 3, '2015-05-22'),
(4, 5, '2015-05-28'),
(5, 6, '2015-05-28'),
(6, 4, '2015-05-28'),
(7, 7, '2015-05-28'),
(8, 8, '2015-05-28'),
(9, 9, '2015-05-28'),
(10, 10, '2015-05-28'),
(11, 11, '2015-05-28'),
(12, 12, '2015-05-28'),
(13, 13, '2015-05-28'),
(14, 14, '2015-05-28'),
(15, 15, '2015-05-28'),
(16, 16, '2015-05-28'),
(17, 17, '2015-05-28'),
(18, 18, '2015-05-28'),
(19, 19, '2015-05-28'),
(20, 20, '2015-05-28'),
(21, 21, '2015-05-29'),
(22, 22, '2015-05-29'),
(23, 23, '2015-05-29'),
(24, 23, '2015-05-29'),
(25, 23, '2015-05-29'),
(26, 23, '2015-05-29'),
(27, 24, '2015-05-29'),
(28, 25, '2015-05-29'),
(29, 26, '2015-05-29'),
(30, 27, '2015-05-29'),
(31, 28, '2015-05-29'),
(32, 29, '2015-05-29'),
(33, 29, '2015-05-29'),
(34, 30, '2015-05-29'),
(35, 31, '2015-05-29'),
(36, 32, '2015-05-29'),
(37, 33, '2015-05-29'),
(38, 34, '2015-05-29'),
(39, 35, '2015-05-29'),
(40, 36, '2015-06-01'),
(41, 37, '2015-06-01'),
(42, 38, '2015-06-01'),
(43, 39, '2015-06-01'),
(44, 40, '2015-06-01'),
(45, 41, '2015-06-01'),
(46, 42, '2015-06-01'),
(47, 43, '2015-06-01'),
(48, 44, '2015-06-01'),
(49, 45, '2015-06-01'),
(50, 46, '2015-06-01'),
(51, 47, '2015-06-01'),
(52, 48, '2015-06-01'),
(53, 49, '2015-06-01'),
(54, 50, '2015-06-01'),
(55, 51, '2015-06-01'),
(56, 52, '2015-06-01'),
(57, 53, '2015-06-01'),
(58, 54, '2015-06-01'),
(59, 55, '2015-06-01'),
(60, 56, '2015-06-01'),
(61, 57, '2015-06-01'),
(62, 58, '2015-06-02'),
(63, 59, '2015-06-02'),
(64, 60, '2015-06-02'),
(65, 61, '2015-06-02'),
(66, 62, '2015-06-02'),
(67, 63, '2015-06-02'),
(68, 64, '2015-06-02'),
(69, 65, '2015-06-02'),
(70, 66, '2015-06-02'),
(71, 67, '2015-06-02'),
(72, 68, '2015-06-02'),
(73, 69, '2015-06-02'),
(74, 70, '2015-06-02'),
(75, 71, '2015-06-02'),
(76, 72, '2015-06-02'),
(77, 73, '2015-06-04'),
(78, 74, '2015-06-04'),
(79, 75, '2015-06-04'),
(80, 76, '2015-06-04'),
(81, 77, '2015-06-04'),
(82, 78, '2015-06-04'),
(83, 79, '2015-06-04'),
(84, 80, '2015-06-04'),
(85, 81, '2015-06-04'),
(86, 82, '2015-06-04'),
(87, 82, '2015-06-04'),
(88, 83, '2015-06-04'),
(89, 84, '2015-06-04'),
(90, 85, '2015-06-04'),
(91, 86, '2015-06-04'),
(92, 87, '2015-06-04'),
(93, 88, '2015-06-04'),
(94, 89, '2015-06-04'),
(95, 90, '2015-06-04'),
(96, 91, '2015-06-04'),
(97, 92, '2015-06-04'),
(98, 93, '2015-06-04'),
(99, 94, '2015-06-04'),
(100, 95, '2015-06-04'),
(101, 96, '2015-06-04'),
(102, 97, '2015-06-04'),
(103, 98, '2015-06-04'),
(104, 99, '2015-06-04'),
(105, 100, '2015-06-04'),
(106, 101, '2015-06-04'),
(107, 102, '2015-06-04'),
(108, 103, '2015-06-04'),
(109, 104, '2015-06-04'),
(110, 105, '2015-06-05'),
(111, 106, '2015-06-05'),
(112, 107, '2015-06-05'),
(113, 108, '2015-06-05'),
(114, 109, '2015-06-05'),
(115, 110, '2015-06-05'),
(116, 111, '2015-06-05'),
(117, 112, '2015-06-05'),
(118, 113, '2015-06-05'),
(119, 114, '2015-06-05'),
(120, 115, '2015-06-05'),
(121, 116, '2015-06-05'),
(122, 117, '2015-06-05'),
(123, 118, '2015-06-05'),
(124, 119, '2015-06-05'),
(125, 120, '2015-06-05'),
(126, 121, '2015-06-05'),
(127, 122, '2015-06-05'),
(128, 122, '2015-06-05'),
(129, 123, '2015-06-05'),
(130, 124, '2015-06-05'),
(131, 125, '2015-06-05'),
(132, 126, '2015-06-05'),
(133, 127, '2015-06-05'),
(134, 128, '2015-06-05'),
(135, 129, '2015-06-05'),
(136, 130, '2015-06-05'),
(137, 131, '2015-06-05'),
(138, 132, '2015-06-05'),
(139, 133, '2015-06-05'),
(140, 134, '2015-06-05'),
(141, 135, '2015-06-05'),
(142, 136, '2015-06-05'),
(143, 137, '2015-06-05'),
(144, 138, '2015-06-05'),
(145, 139, '2015-06-05'),
(146, 140, '2015-06-05'),
(147, 141, '2015-06-05'),
(148, 142, '2015-06-05'),
(149, 143, '2015-06-05'),
(150, 144, '2015-06-06'),
(151, 145, '2015-06-06'),
(152, 146, '2015-06-06'),
(153, 147, '2015-06-06'),
(154, 148, '2015-06-06'),
(155, 149, '2015-06-06'),
(156, 145, '2015-06-06'),
(157, 150, '2015-06-06'),
(158, 151, '2015-06-06'),
(159, 152, '2015-06-06'),
(160, 153, '2015-06-06'),
(161, 154, '2015-06-06'),
(162, 155, '2015-06-06'),
(163, 156, '2015-06-06'),
(164, 157, '2015-06-06'),
(165, 158, '2015-06-06'),
(166, 159, '2015-06-06'),
(167, 160, '2015-06-06'),
(168, 161, '2015-06-06'),
(169, 162, '2015-06-06'),
(170, 163, '2015-06-06'),
(171, 164, '2015-06-06'),
(172, 165, '2015-06-06'),
(173, 166, '2015-06-06'),
(174, 167, '2015-06-06'),
(175, 168, '2015-06-06'),
(176, 169, '2015-06-06'),
(177, 170, '2015-06-06'),
(178, 171, '2015-06-06'),
(179, 171, '2015-06-06'),
(180, 171, '2015-06-06'),
(181, 171, '2015-06-06'),
(182, 172, '2015-06-06'),
(183, 173, '2015-06-06'),
(184, 174, '2015-06-06'),
(185, 175, '2015-06-06'),
(186, 176, '2015-06-06'),
(187, 177, '2015-06-06'),
(188, 178, '2015-06-06'),
(189, 179, '2015-06-06'),
(190, 179, '2015-06-06'),
(191, 180, '2015-06-06'),
(192, 181, '2015-06-06'),
(193, 182, '2015-06-06'),
(194, 183, '2015-06-06'),
(195, 184, '2015-06-06'),
(196, 185, '2015-06-06'),
(197, 186, '2015-06-06'),
(198, 187, '2015-06-06'),
(199, 188, '2015-06-06'),
(200, 189, '2015-06-06'),
(201, 190, '2015-06-06'),
(202, 191, '2015-06-06'),
(203, 192, '2015-06-06'),
(204, 193, '2015-06-06'),
(205, 194, '2015-06-06'),
(206, 195, '2015-06-06'),
(207, 196, '2015-06-06'),
(208, 197, '2015-06-06'),
(209, 198, '2015-06-06'),
(210, 200, '2015-06-06'),
(211, 201, '2015-06-06'),
(212, 202, '2015-06-06'),
(213, 203, '2015-06-06'),
(214, 204, '2015-06-06'),
(215, 205, '2015-06-06'),
(216, 206, '2015-06-06'),
(217, 207, '2015-06-06'),
(218, 208, '2015-06-06'),
(219, 209, '2015-06-06'),
(220, 210, '2015-06-07'),
(221, 211, '2015-06-07'),
(222, 212, '2015-06-07'),
(223, 213, '2015-06-07'),
(224, 214, '2015-06-07'),
(225, 215, '2015-06-07'),
(226, 216, '2015-06-07'),
(227, 217, '2015-06-07'),
(228, 218, '2015-06-07'),
(229, 219, '2015-06-07'),
(230, 220, '2015-06-07'),
(231, 221, '2015-06-07'),
(232, 222, '2015-06-07'),
(233, 223, '2015-06-07'),
(234, 224, '2015-06-07'),
(235, 225, '2015-06-07'),
(236, 226, '2015-06-07'),
(237, 227, '2015-06-07'),
(238, 228, '2015-06-07'),
(239, 229, '2015-06-07'),
(240, 230, '2015-06-07'),
(241, 232, '2015-06-08'),
(242, 233, '2015-06-08'),
(243, 234, '2015-06-08'),
(244, 235, '2015-06-08'),
(245, 236, '2015-06-08'),
(246, 237, '2015-06-08'),
(247, 238, '2015-06-08'),
(248, 239, '2015-06-08'),
(249, 240, '2015-06-08'),
(250, 241, '2015-06-08'),
(251, 242, '2015-06-08'),
(252, 243, '2015-06-08'),
(253, 244, '2015-06-08'),
(254, 245, '2015-06-08'),
(255, 246, '2015-06-08'),
(256, 247, '2015-06-08'),
(257, 248, '2015-06-13'),
(258, 249, '2015-06-13'),
(259, 250, '2015-06-13'),
(260, 251, '2015-06-13'),
(261, 252, '2015-06-13'),
(262, 253, '2015-06-13'),
(263, 254, '2015-06-13'),
(264, 255, '2015-06-13'),
(265, 256, '2015-06-13'),
(266, 257, '2015-06-13'),
(267, 258, '2015-06-13'),
(268, 259, '2015-06-13'),
(269, 260, '2015-06-13'),
(270, 261, '2015-06-13'),
(271, 262, '2015-06-13'),
(272, 263, '2015-06-13'),
(273, 264, '2015-06-13'),
(274, 265, '2015-06-13'),
(275, 266, '2015-06-13'),
(276, 267, '2015-06-13'),
(277, 268, '2015-06-13'),
(278, 269, '2015-06-13'),
(279, 270, '2015-06-13'),
(280, 271, '2015-06-13'),
(281, 272, '2015-06-13'),
(282, 272, '2015-06-13'),
(283, 273, '2015-06-13'),
(284, 274, '2015-06-16'),
(285, 275, '2015-06-16'),
(286, 276, '2015-06-16'),
(287, 277, '2015-06-16'),
(288, 278, '2015-06-16'),
(289, 279, '2015-06-16'),
(290, 280, '2015-06-16'),
(291, 281, '2015-06-16'),
(292, 282, '2015-06-16'),
(293, 283, '2015-06-16'),
(294, 284, '2015-06-16'),
(295, 285, '2015-06-16'),
(296, 286, '2015-06-16'),
(297, 287, '2015-06-16'),
(298, 288, '2015-06-16'),
(299, 289, '2015-06-16'),
(300, 290, '2015-06-16'),
(301, 291, '2015-06-16'),
(302, 292, '2015-06-16'),
(303, 293, '2015-06-16'),
(304, 294, '2015-06-16'),
(305, 295, '2015-06-16'),
(306, 296, '2015-06-16'),
(307, 297, '2015-06-16'),
(308, 298, '2015-06-16'),
(309, 299, '2015-06-16'),
(310, 300, '2015-06-16'),
(311, 301, '2015-06-16'),
(312, 2, '2015-06-20'),
(313, 174, '2015-07-03'),
(314, 4, '2015-07-03'),
(315, 3, '2015-07-23'),
(316, 2, '2015-07-28');

-- --------------------------------------------------------

--
-- Struktur dari tabel `rm_obat`
--

CREATE TABLE IF NOT EXISTS `rm_obat` (
  `IDREKAM` int(11) NOT NULL,
  `IDOBAT` int(11) NOT NULL,
  `TANGGAL` date DEFAULT NULL
) ENGINE=InnoDB DEFAULT CHARSET=latin1;

--
-- Dumping data untuk tabel `rm_obat`
--

INSERT INTO `rm_obat` (`IDREKAM`, `IDOBAT`, `TANGGAL`) VALUES
(2, 6, '2015-05-22'),
(5, 18, '2015-05-28'),
(5, 30, '2015-05-28'),
(5, 37, '2015-05-28'),
(5, 42, '2015-05-28'),
(5, 58, '2015-05-28'),
(7, 20, '2015-05-28'),
(7, 23, '2015-05-28'),
(9, 21, '2015-05-28'),
(9, 30, '2015-05-28'),
(9, 34, '2015-05-28'),
(9, 46, '2015-05-28'),
(10, 5, '2015-05-28'),
(10, 6, '2015-05-28'),
(10, 10, '2015-05-28'),
(10, 16, '2015-05-28'),
(10, 18, '2015-05-28'),
(10, 20, '2015-05-28'),
(10, 21, '2015-05-28'),
(10, 23, '2015-05-28'),
(10, 28, '2015-05-28'),
(10, 30, '2015-05-28'),
(10, 34, '2015-05-28'),
(10, 38, '2015-05-28'),
(10, 41, '2015-05-28'),
(11, 4, '2015-05-28'),
(11, 9, '2015-05-28'),
(11, 12, '2015-05-28'),
(11, 14, '2015-05-28'),
(11, 18, '2015-05-28'),
(11, 29, '2015-05-28'),
(11, 35, '2015-05-28'),
(11, 46, '2015-05-28'),
(12, 12, '2015-05-28'),
(12, 15, '2015-05-28'),
(12, 52, '2015-05-28'),
(14, 6, '2015-05-28'),
(14, 18, '2015-05-28'),
(14, 30, '2015-05-28'),
(15, 6, '2015-05-28'),
(15, 7, '2015-05-28'),
(15, 11, '2015-05-28'),
(15, 12, '2015-05-28'),
(15, 14, '2015-05-28'),
(15, 15, '2015-05-28'),
(15, 16, '2015-05-28'),
(15, 18, '2015-05-28'),
(15, 19, '2015-05-28'),
(15, 21, '2015-05-28'),
(15, 26, '2015-05-28'),
(15, 27, '2015-05-28'),
(15, 30, '2015-05-28'),
(15, 31, '2015-05-28'),
(15, 32, '2015-05-28'),
(15, 33, '2015-05-28'),
(15, 34, '2015-05-28'),
(15, 42, '2015-05-28'),
(15, 43, '2015-05-28'),
(15, 46, '2015-05-28'),
(15, 52, '2015-05-28'),
(15, 53, '2015-05-28'),
(16, 6, '2015-05-28'),
(16, 30, '2015-05-28'),
(18, 18, '2015-05-28'),
(18, 20, '2015-05-28'),
(18, 27, '2015-05-28'),
(19, 29, '2015-05-28'),
(20, 18, '2015-05-28'),
(22, 6, '2015-05-29'),
(22, 12, '2015-05-29'),
(22, 13, '2015-05-29'),
(22, 14, '2015-05-29'),
(22, 15, '2015-05-29'),
(22, 16, '2015-05-29'),
(22, 18, '2015-05-29'),
(22, 27, '2015-05-29'),
(22, 29, '2015-05-29'),
(22, 30, '2015-05-29'),
(22, 31, '2015-05-29'),
(22, 33, '2015-05-29'),
(22, 37, '2015-05-29'),
(22, 42, '2015-05-29'),
(22, 52, '2015-05-29'),
(22, 53, '2015-05-29'),
(23, 6, '2015-05-29'),
(23, 30, '2015-05-29'),
(28, 6, '2015-05-29'),
(28, 12, '2015-05-29'),
(28, 14, '2015-05-29'),
(28, 16, '2015-05-29'),
(28, 21, '2015-05-29'),
(28, 26, '2015-05-29'),
(28, 29, '2015-05-29'),
(28, 30, '2015-05-29'),
(28, 33, '2015-05-29'),
(28, 65, '2015-05-29'),
(29, 4, '2015-05-29'),
(29, 9, '2015-05-29'),
(29, 12, '2015-05-29'),
(29, 14, '2015-05-29'),
(29, 16, '2015-05-29'),
(29, 18, '2015-05-29'),
(29, 19, '2015-05-29'),
(29, 29, '2015-05-29'),
(29, 35, '2015-05-29'),
(30, 4, '2015-05-29'),
(30, 5, '2015-05-29'),
(30, 6, '2015-05-29'),
(30, 9, '2015-05-29'),
(30, 10, '2015-05-29'),
(30, 12, '2015-05-29'),
(30, 13, '2015-05-29'),
(30, 14, '2015-05-29'),
(30, 16, '2015-05-29'),
(30, 20, '2015-05-29'),
(30, 30, '2015-05-29'),
(30, 35, '2015-05-29'),
(30, 42, '2015-05-29'),
(30, 60, '2015-05-29'),
(30, 65, '2015-05-29'),
(32, 9, '2015-05-29'),
(32, 18, '2015-05-29'),
(32, 29, '2015-05-29'),
(32, 33, '2015-05-29'),
(32, 48, '2015-05-29'),
(32, 64, '2015-05-29'),
(32, 65, '2015-05-29'),
(34, 6, '2015-05-29'),
(34, 9, '2015-05-29'),
(34, 11, '2015-05-29'),
(34, 12, '2015-05-29'),
(34, 13, '2015-05-29'),
(34, 14, '2015-05-29'),
(34, 18, '2015-05-29'),
(34, 23, '2015-05-29'),
(34, 29, '2015-05-29'),
(34, 30, '2015-05-29'),
(34, 31, '2015-05-29'),
(34, 34, '2015-05-29'),
(34, 46, '2015-05-29'),
(34, 52, '2015-05-29'),
(34, 53, '2015-05-29'),
(36, 5, '2015-05-29'),
(36, 6, '2015-05-29'),
(36, 10, '2015-05-29'),
(36, 18, '2015-05-29'),
(36, 21, '2015-05-29'),
(36, 27, '2015-05-29'),
(36, 30, '2015-05-29'),
(36, 33, '2015-05-29'),
(36, 34, '2015-05-29'),
(36, 42, '2015-05-29'),
(36, 58, '2015-05-29'),
(38, 6, '2015-05-29'),
(38, 10, '2015-05-29'),
(38, 13, '2015-05-29'),
(38, 18, '2015-05-29'),
(38, 19, '2015-05-29'),
(38, 23, '2015-05-29'),
(38, 26, '2015-05-29'),
(38, 30, '2015-05-29'),
(38, 32, '2015-05-29'),
(38, 37, '2015-05-29'),
(38, 38, '2015-05-29'),
(38, 53, '2015-05-29'),
(39, 5, '2015-05-29'),
(39, 10, '2015-05-29'),
(39, 14, '2015-05-29'),
(39, 18, '2015-05-29'),
(39, 19, '2015-05-29'),
(39, 21, '2015-05-29'),
(39, 24, '2015-05-29'),
(39, 25, '2015-05-29'),
(39, 27, '2015-05-29'),
(39, 30, '2015-05-29'),
(39, 32, '2015-05-29'),
(39, 34, '2015-05-29'),
(39, 57, '2015-05-29'),
(39, 58, '2015-05-29'),
(41, 4, '2015-06-01'),
(41, 6, '2015-06-01'),
(41, 9, '2015-06-01'),
(41, 13, '2015-06-01'),
(41, 25, '2015-06-01'),
(41, 30, '2015-06-01'),
(41, 35, '2015-06-01'),
(41, 59, '2015-06-01'),
(42, 5, '2015-06-01'),
(42, 10, '2015-06-01'),
(42, 18, '2015-06-01'),
(42, 21, '2015-06-01'),
(42, 23, '2015-06-01'),
(42, 30, '2015-06-01'),
(42, 34, '2015-06-01'),
(44, 5, '2015-06-01'),
(44, 6, '2015-06-01'),
(44, 10, '2015-06-01'),
(44, 13, '2015-06-01'),
(44, 18, '2015-06-01'),
(44, 21, '2015-06-01'),
(44, 30, '2015-06-01'),
(44, 35, '2015-06-01'),
(44, 58, '2015-06-01'),
(46, 4, '2015-06-01'),
(46, 9, '2015-06-01'),
(46, 10, '2015-06-01'),
(46, 12, '2015-06-01'),
(46, 14, '2015-06-01'),
(46, 18, '2015-06-01'),
(46, 24, '2015-06-01'),
(46, 30, '2015-06-01'),
(46, 35, '2015-06-01'),
(46, 42, '2015-06-01'),
(46, 46, '2015-06-01'),
(47, 4, '2015-06-01'),
(47, 6, '2015-06-01'),
(47, 9, '2015-06-01'),
(47, 12, '2015-06-01'),
(47, 18, '2015-06-01'),
(47, 30, '2015-06-01'),
(47, 35, '2015-06-01'),
(47, 49, '2015-06-01'),
(47, 53, '2015-06-01'),
(47, 64, '2015-06-01'),
(48, 5, '2015-06-01'),
(48, 10, '2015-06-01'),
(48, 18, '2015-06-01'),
(48, 23, '2015-06-01'),
(48, 34, '2015-06-01'),
(50, 4, '2015-06-01'),
(50, 9, '2015-06-01'),
(50, 12, '2015-06-01'),
(50, 14, '2015-06-01'),
(50, 16, '2015-06-01'),
(50, 18, '2015-06-01'),
(50, 24, '2015-06-01'),
(50, 29, '2015-06-01'),
(50, 31, '2015-06-01'),
(50, 33, '2015-06-01'),
(50, 35, '2015-06-01'),
(50, 36, '2015-06-01'),
(50, 42, '2015-06-01'),
(50, 46, '2015-06-01'),
(51, 64, '2015-06-01'),
(52, 9, '2015-06-01'),
(52, 12, '2015-06-01'),
(52, 14, '2015-06-01'),
(52, 29, '2015-06-01'),
(52, 57, '2015-06-01'),
(52, 58, '2015-06-01'),
(53, 6, '2015-06-01'),
(53, 13, '2015-06-01'),
(53, 20, '2015-06-01'),
(55, 11, '2015-06-01'),
(55, 12, '2015-06-01'),
(55, 14, '2015-06-01'),
(55, 18, '2015-06-01'),
(55, 29, '2015-06-01'),
(55, 53, '2015-06-01'),
(55, 57, '2015-06-01'),
(57, 9, '2015-06-01'),
(57, 12, '2015-06-01'),
(57, 14, '2015-06-01'),
(57, 29, '2015-06-01'),
(57, 37, '2015-06-01'),
(58, 9, '2015-06-01'),
(58, 14, '2015-06-01'),
(58, 18, '2015-06-01'),
(58, 27, '2015-06-01'),
(58, 29, '2015-06-01'),
(58, 36, '2015-06-01'),
(58, 46, '2015-06-01'),
(59, 6, '2015-06-01'),
(59, 10, '2015-06-01'),
(59, 12, '2015-06-01'),
(59, 14, '2015-06-01'),
(59, 21, '2015-06-01'),
(59, 23, '2015-06-01'),
(59, 29, '2015-06-01'),
(59, 32, '2015-06-01'),
(59, 36, '2015-06-01'),
(59, 48, '2015-06-01'),
(60, 6, '2015-06-01'),
(60, 18, '2015-06-01'),
(60, 31, '2015-06-01'),
(60, 51, '2015-06-01'),
(60, 53, '2015-06-01'),
(61, 4, '2015-06-01'),
(61, 9, '2015-06-01'),
(61, 14, '2015-06-01'),
(61, 16, '2015-06-01'),
(61, 18, '2015-06-01'),
(61, 29, '2015-06-01'),
(61, 46, '2015-06-01'),
(62, 6, '2015-06-02'),
(62, 11, '2015-06-02'),
(62, 18, '2015-06-02'),
(62, 20, '2015-06-02'),
(62, 21, '2015-06-02'),
(62, 23, '2015-06-02'),
(62, 30, '2015-06-02'),
(62, 34, '2015-06-02'),
(62, 36, '2015-06-02'),
(62, 64, '2015-06-02'),
(62, 65, '2015-06-02'),
(64, 18, '2015-06-02'),
(65, 6, '2015-06-02'),
(65, 9, '2015-06-02'),
(65, 18, '2015-06-02'),
(65, 48, '2015-06-02'),
(65, 65, '2015-06-02'),
(66, 6, '2015-06-02'),
(66, 23, '2015-06-02'),
(66, 29, '2015-06-02'),
(66, 34, '2015-06-02'),
(68, 9, '2015-06-02'),
(68, 11, '2015-06-02'),
(68, 12, '2015-06-02'),
(68, 14, '2015-06-02'),
(68, 15, '2015-06-02'),
(68, 16, '2015-06-02'),
(68, 31, '2015-06-02'),
(68, 35, '2015-06-02'),
(68, 50, '2015-06-02'),
(68, 52, '2015-06-02'),
(68, 53, '2015-06-02'),
(68, 55, '2015-06-02'),
(68, 61, '2015-06-02'),
(69, 4, '2015-06-02'),
(69, 10, '2015-06-02'),
(69, 18, '2015-06-02'),
(69, 21, '2015-06-02'),
(69, 23, '2015-06-02'),
(69, 30, '2015-06-02'),
(69, 56, '2015-06-02'),
(70, 10, '2015-06-02'),
(72, 6, '2015-06-02'),
(72, 10, '2015-06-02'),
(72, 20, '2015-06-02'),
(72, 23, '2015-06-02'),
(72, 25, '2015-06-02'),
(72, 30, '2015-06-02'),
(73, 6, '2015-06-02'),
(73, 13, '2015-06-02'),
(73, 30, '2015-06-02'),
(81, 9, '2015-06-04'),
(81, 12, '2015-06-04'),
(81, 14, '2015-06-04'),
(81, 29, '2015-06-04'),
(81, 32, '2015-06-04'),
(81, 46, '2015-06-04'),
(81, 57, '2015-06-04'),
(81, 58, '2015-06-04'),
(82, 10, '2015-06-04'),
(82, 23, '2015-06-04'),
(83, 11, '2015-06-04'),
(83, 12, '2015-06-04'),
(83, 14, '2015-06-04'),
(83, 29, '2015-06-04'),
(86, 20, '2015-06-04'),
(86, 58, '2015-06-04'),
(90, 65, '2015-06-04'),
(91, 18, '2015-06-04'),
(91, 20, '2015-06-04'),
(91, 34, '2015-06-04'),
(91, 37, '2015-06-04'),
(93, 12, '2015-06-04'),
(93, 54, '2015-06-04'),
(94, 30, '2015-06-04'),
(95, 5, '2015-06-04'),
(95, 10, '2015-06-04'),
(95, 21, '2015-06-04'),
(95, 23, '2015-06-04'),
(95, 30, '2015-06-04'),
(95, 34, '2015-06-04'),
(96, 6, '2015-06-04'),
(96, 32, '2015-06-04'),
(97, 29, '2015-06-04'),
(97, 46, '2015-06-04'),
(98, 4, '2015-06-04'),
(98, 6, '2015-06-04'),
(98, 9, '2015-06-04'),
(98, 11, '2015-06-04'),
(98, 12, '2015-06-04'),
(98, 13, '2015-06-04'),
(98, 18, '2015-06-04'),
(98, 26, '2015-06-04'),
(98, 29, '2015-06-04'),
(98, 35, '2015-06-04'),
(98, 36, '2015-06-04'),
(98, 46, '2015-06-04'),
(100, 6, '2015-06-04'),
(100, 11, '2015-06-04'),
(100, 12, '2015-06-04'),
(100, 14, '2015-06-04'),
(100, 29, '2015-06-04'),
(100, 36, '2015-06-04'),
(101, 6, '2015-06-04'),
(101, 10, '2015-06-04'),
(101, 18, '2015-06-04'),
(101, 21, '2015-06-04'),
(102, 29, '2015-06-04'),
(103, 11, '2015-06-04'),
(103, 14, '2015-06-04'),
(103, 16, '2015-06-04'),
(103, 18, '2015-06-04'),
(103, 29, '2015-06-04'),
(103, 46, '2015-06-04'),
(107, 31, '2015-06-04'),
(107, 61, '2015-06-04'),
(108, 10, '2015-06-04'),
(108, 23, '2015-06-04'),
(109, 9, '2015-06-04'),
(109, 13, '2015-06-04'),
(109, 14, '2015-06-04'),
(109, 16, '2015-06-04'),
(109, 19, '2015-06-04'),
(109, 29, '2015-06-04'),
(109, 35, '2015-06-04'),
(109, 36, '2015-06-04'),
(109, 46, '2015-06-04'),
(110, 14, '2015-06-05'),
(113, 68, '2015-06-05'),
(116, 18, '2015-06-05'),
(116, 46, '2015-06-05'),
(116, 52, '2015-06-05'),
(116, 53, '2015-06-05'),
(116, 67, '2015-06-05'),
(117, 5, '2015-06-05'),
(117, 10, '2015-06-05'),
(117, 23, '2015-06-05'),
(117, 34, '2015-06-05'),
(118, 5, '2015-06-05'),
(118, 6, '2015-06-05'),
(118, 10, '2015-06-05'),
(118, 13, '2015-06-05'),
(118, 14, '2015-06-05'),
(118, 18, '2015-06-05'),
(118, 21, '2015-06-05'),
(118, 23, '2015-06-05'),
(118, 27, '2015-06-05'),
(118, 28, '2015-06-05'),
(118, 30, '2015-06-05'),
(118, 34, '2015-06-05'),
(118, 38, '2015-06-05'),
(120, 7, '2015-06-05'),
(120, 10, '2015-06-05'),
(120, 12, '2015-06-05'),
(120, 13, '2015-06-05'),
(120, 14, '2015-06-05'),
(120, 15, '2015-06-05'),
(120, 16, '2015-06-05'),
(120, 18, '2015-06-05'),
(120, 21, '2015-06-05'),
(120, 29, '2015-06-05'),
(120, 30, '2015-06-05'),
(120, 34, '2015-06-05'),
(120, 36, '2015-06-05'),
(120, 37, '2015-06-05'),
(120, 40, '2015-06-05'),
(120, 46, '2015-06-05'),
(121, 10, '2015-06-05'),
(122, 32, '2015-06-05'),
(122, 37, '2015-06-05'),
(122, 57, '2015-06-05'),
(123, 10, '2015-06-05'),
(126, 6, '2015-06-05'),
(126, 10, '2015-06-05'),
(126, 13, '2015-06-05'),
(126, 18, '2015-06-05'),
(126, 21, '2015-06-05'),
(126, 23, '2015-06-05'),
(126, 30, '2015-06-05'),
(126, 58, '2015-06-05'),
(127, 18, '2015-06-05'),
(127, 60, '2015-06-05'),
(127, 70, '2015-06-05'),
(129, 53, '2015-06-05'),
(129, 65, '2015-06-05'),
(130, 11, '2015-06-05'),
(130, 12, '2015-06-05'),
(130, 15, '2015-06-05'),
(130, 16, '2015-06-05'),
(130, 29, '2015-06-05'),
(130, 57, '2015-06-05'),
(130, 58, '2015-06-05'),
(132, 18, '2015-06-05'),
(132, 21, '2015-06-05'),
(132, 23, '2015-06-05'),
(132, 30, '2015-06-05'),
(132, 34, '2015-06-05'),
(132, 64, '2015-06-05'),
(132, 65, '2015-06-05'),
(135, 64, '2015-06-05'),
(136, 6, '2015-06-05'),
(136, 10, '2015-06-05'),
(136, 18, '2015-06-05'),
(136, 20, '2015-06-05'),
(136, 21, '2015-06-05'),
(136, 26, '2015-06-05'),
(136, 28, '2015-06-05'),
(136, 30, '2015-06-05'),
(136, 34, '2015-06-05'),
(136, 45, '2015-06-05'),
(136, 58, '2015-06-05'),
(136, 65, '2015-06-05'),
(138, 4, '2015-06-05'),
(138, 7, '2015-06-05'),
(138, 9, '2015-06-05'),
(138, 11, '2015-06-05'),
(138, 12, '2015-06-05'),
(138, 13, '2015-06-05'),
(138, 14, '2015-06-05'),
(138, 15, '2015-06-05'),
(138, 16, '2015-06-05'),
(138, 18, '2015-06-05'),
(138, 20, '2015-06-05'),
(138, 23, '2015-06-05'),
(138, 26, '2015-06-05'),
(138, 29, '2015-06-05'),
(138, 31, '2015-06-05'),
(138, 34, '2015-06-05'),
(138, 35, '2015-06-05'),
(138, 36, '2015-06-05'),
(138, 46, '2015-06-05'),
(138, 52, '2015-06-05'),
(138, 58, '2015-06-05'),
(139, 29, '2015-06-05'),
(139, 42, '2015-06-05'),
(140, 9, '2015-06-05'),
(140, 14, '2015-06-05'),
(140, 15, '2015-06-05'),
(140, 16, '2015-06-05'),
(140, 29, '2015-06-05'),
(140, 30, '2015-06-05'),
(140, 31, '2015-06-05'),
(140, 36, '2015-06-05'),
(140, 46, '2015-06-05'),
(142, 4, '2015-06-05'),
(142, 9, '2015-06-05'),
(142, 12, '2015-06-05'),
(142, 14, '2015-06-05'),
(142, 18, '2015-06-05'),
(142, 29, '2015-06-05'),
(142, 35, '2015-06-05'),
(142, 36, '2015-06-05'),
(143, 16, '2015-06-05'),
(143, 29, '2015-06-05'),
(143, 52, '2015-06-05'),
(143, 53, '2015-06-05'),
(143, 55, '2015-06-05'),
(147, 9, '2015-06-05'),
(147, 14, '2015-06-05'),
(147, 29, '2015-06-05'),
(148, 4, '2015-06-05'),
(148, 9, '2015-06-05'),
(148, 12, '2015-06-05'),
(148, 14, '2015-06-05'),
(148, 19, '2015-06-05'),
(148, 26, '2015-06-05'),
(148, 29, '2015-06-05'),
(148, 37, '2015-06-05'),
(148, 42, '2015-06-05'),
(148, 48, '2015-06-05'),
(148, 57, '2015-06-05'),
(152, 4, '2015-06-06'),
(152, 6, '2015-06-06'),
(152, 9, '2015-06-06'),
(152, 11, '2015-06-06'),
(152, 12, '2015-06-06'),
(152, 14, '2015-06-06'),
(152, 18, '2015-06-06'),
(152, 29, '2015-06-06'),
(152, 30, '2015-06-06'),
(152, 33, '2015-06-06'),
(152, 35, '2015-06-06'),
(152, 36, '2015-06-06'),
(152, 42, '2015-06-06'),
(152, 46, '2015-06-06'),
(153, 6, '2015-06-06'),
(153, 10, '2015-06-06'),
(153, 45, '2015-06-06'),
(153, 58, '2015-06-06'),
(154, 5, '2015-06-06'),
(154, 10, '2015-06-06'),
(154, 21, '2015-06-06'),
(154, 23, '2015-06-06'),
(154, 30, '2015-06-06'),
(154, 34, '2015-06-06'),
(154, 65, '2015-06-06'),
(155, 7, '2015-06-06'),
(155, 12, '2015-06-06'),
(155, 13, '2015-06-06'),
(155, 14, '2015-06-06'),
(155, 16, '2015-06-06'),
(155, 18, '2015-06-06'),
(155, 26, '2015-06-06'),
(155, 29, '2015-06-06'),
(155, 42, '2015-06-06'),
(155, 46, '2015-06-06'),
(157, 6, '2015-06-06'),
(157, 10, '2015-06-06'),
(157, 11, '2015-06-06'),
(157, 13, '2015-06-06'),
(157, 23, '2015-06-06'),
(157, 30, '2015-06-06'),
(157, 33, '2015-06-06'),
(157, 35, '2015-06-06'),
(157, 38, '2015-06-06'),
(157, 65, '2015-06-06'),
(158, 5, '2015-06-06'),
(158, 6, '2015-06-06'),
(158, 10, '2015-06-06'),
(158, 18, '2015-06-06'),
(158, 20, '2015-06-06'),
(158, 23, '2015-06-06'),
(158, 26, '2015-06-06'),
(158, 30, '2015-06-06'),
(158, 34, '2015-06-06'),
(158, 36, '2015-06-06'),
(159, 18, '2015-06-06'),
(159, 70, '2015-06-06'),
(160, 10, '2015-06-06'),
(160, 18, '2015-06-06'),
(161, 6, '2015-06-06'),
(161, 9, '2015-06-06'),
(161, 10, '2015-06-06'),
(161, 18, '2015-06-06'),
(161, 19, '2015-06-06'),
(161, 21, '2015-06-06'),
(161, 38, '2015-06-06'),
(161, 46, '2015-06-06'),
(161, 52, '2015-06-06'),
(162, 5, '2015-06-06'),
(162, 6, '2015-06-06'),
(162, 10, '2015-06-06'),
(162, 13, '2015-06-06'),
(162, 23, '2015-06-06'),
(162, 26, '2015-06-06'),
(162, 30, '2015-06-06'),
(162, 34, '2015-06-06'),
(162, 48, '2015-06-06'),
(162, 65, '2015-06-06'),
(163, 10, '2015-06-06'),
(163, 21, '2015-06-06'),
(163, 24, '2015-06-06'),
(164, 57, '2015-06-06'),
(164, 58, '2015-06-06'),
(165, 9, '2015-06-06'),
(165, 12, '2015-06-06'),
(165, 14, '2015-06-06'),
(165, 29, '2015-06-06'),
(166, 11, '2015-06-06'),
(166, 14, '2015-06-06'),
(166, 18, '2015-06-06'),
(166, 20, '2015-06-06'),
(166, 29, '2015-06-06'),
(166, 30, '2015-06-06'),
(166, 52, '2015-06-06'),
(167, 10, '2015-06-06'),
(167, 18, '2015-06-06'),
(167, 19, '2015-06-06'),
(167, 20, '2015-06-06'),
(167, 21, '2015-06-06'),
(167, 23, '2015-06-06'),
(169, 6, '2015-06-06'),
(169, 11, '2015-06-06'),
(169, 18, '2015-06-06'),
(170, 6, '2015-06-06'),
(171, 5, '2015-06-06'),
(171, 10, '2015-06-06'),
(171, 18, '2015-06-06'),
(171, 21, '2015-06-06'),
(171, 30, '2015-06-06'),
(171, 57, '2015-06-06'),
(174, 6, '2015-06-06'),
(174, 9, '2015-06-06'),
(174, 10, '2015-06-06'),
(174, 11, '2015-06-06'),
(174, 14, '2015-06-06'),
(174, 16, '2015-06-06'),
(174, 20, '2015-06-06'),
(174, 21, '2015-06-06'),
(174, 23, '2015-06-06'),
(174, 29, '2015-06-06'),
(174, 30, '2015-06-06'),
(174, 33, '2015-06-06'),
(174, 34, '2015-06-06'),
(175, 11, '2015-06-06'),
(175, 12, '2015-06-06'),
(175, 14, '2015-06-06'),
(175, 16, '2015-06-06'),
(175, 29, '2015-06-06'),
(175, 30, '2015-06-06'),
(175, 33, '2015-06-06'),
(175, 34, '2015-06-06'),
(175, 35, '2015-06-06'),
(175, 36, '2015-06-06'),
(175, 46, '2015-06-06'),
(175, 53, '2015-06-06'),
(176, 4, '2015-06-06'),
(176, 6, '2015-06-06'),
(176, 9, '2015-06-06'),
(176, 12, '2015-06-06'),
(176, 14, '2015-06-06'),
(176, 16, '2015-06-06'),
(176, 26, '2015-06-06'),
(176, 29, '2015-06-06'),
(176, 35, '2015-06-06'),
(177, 9, '2015-06-06'),
(177, 11, '2015-06-06'),
(177, 14, '2015-06-06'),
(177, 18, '2015-06-06'),
(177, 30, '2015-06-06'),
(177, 39, '2015-06-06'),
(178, 58, '2015-06-06'),
(182, 9, '2015-06-06'),
(182, 52, '2015-06-06'),
(183, 4, '2015-06-06'),
(183, 9, '2015-06-06'),
(183, 13, '2015-06-06'),
(183, 14, '2015-06-06'),
(183, 16, '2015-06-06'),
(183, 29, '2015-06-06'),
(183, 32, '2015-06-06'),
(183, 35, '2015-06-06'),
(183, 36, '2015-06-06'),
(184, 11, '2015-06-06'),
(184, 14, '2015-06-06'),
(184, 18, '2015-06-06'),
(184, 32, '2015-06-06'),
(184, 36, '2015-06-06'),
(184, 46, '2015-06-06'),
(184, 57, '2015-06-06'),
(184, 58, '2015-06-06'),
(184, 67, '2015-06-06'),
(185, 9, '2015-06-06'),
(185, 14, '2015-06-06'),
(185, 19, '2015-06-06'),
(185, 23, '2015-06-06'),
(185, 31, '2015-06-06'),
(185, 64, '2015-06-06'),
(186, 4, '2015-06-06'),
(186, 9, '2015-06-06'),
(186, 12, '2015-06-06'),
(186, 14, '2015-06-06'),
(186, 19, '2015-06-06'),
(186, 26, '2015-06-06'),
(186, 29, '2015-06-06'),
(186, 35, '2015-06-06'),
(187, 4, '2015-06-06'),
(187, 9, '2015-06-06'),
(187, 11, '2015-06-06'),
(187, 12, '2015-06-06'),
(187, 14, '2015-06-06'),
(187, 20, '2015-06-06'),
(187, 27, '2015-06-06'),
(187, 29, '2015-06-06'),
(187, 35, '2015-06-06'),
(187, 36, '2015-06-06'),
(189, 6, '2015-06-06'),
(189, 9, '2015-06-06'),
(191, 4, '2015-06-06'),
(191, 9, '2015-06-06'),
(191, 11, '2015-06-06'),
(191, 12, '2015-06-06'),
(191, 14, '2015-06-06'),
(191, 16, '2015-06-06'),
(191, 18, '2015-06-06'),
(191, 23, '2015-06-06'),
(191, 29, '2015-06-06'),
(191, 30, '2015-06-06'),
(191, 34, '2015-06-06'),
(191, 36, '2015-06-06'),
(191, 41, '2015-06-06'),
(191, 46, '2015-06-06'),
(196, 11, '2015-06-06'),
(197, 5, '2015-06-06'),
(197, 6, '2015-06-06'),
(197, 7, '2015-06-06'),
(197, 10, '2015-06-06'),
(197, 11, '2015-06-06'),
(197, 18, '2015-06-06'),
(197, 20, '2015-06-06'),
(197, 23, '2015-06-06'),
(197, 26, '2015-06-06'),
(197, 31, '2015-06-06'),
(197, 34, '2015-06-06'),
(197, 42, '2015-06-06'),
(197, 45, '2015-06-06'),
(198, 4, '2015-06-06'),
(198, 11, '2015-06-06'),
(198, 12, '2015-06-06'),
(198, 14, '2015-06-06'),
(198, 15, '2015-06-06'),
(198, 18, '2015-06-06'),
(198, 21, '2015-06-06'),
(198, 26, '2015-06-06'),
(198, 27, '2015-06-06'),
(198, 30, '2015-06-06'),
(198, 32, '2015-06-06'),
(198, 36, '2015-06-06'),
(198, 46, '2015-06-06'),
(198, 52, '2015-06-06'),
(198, 63, '2015-06-06'),
(199, 4, '2015-06-06'),
(199, 9, '2015-06-06'),
(199, 12, '2015-06-06'),
(199, 14, '2015-06-06'),
(199, 26, '2015-06-06'),
(199, 29, '2015-06-06'),
(199, 35, '2015-06-06'),
(199, 36, '2015-06-06'),
(199, 48, '2015-06-06'),
(200, 48, '2015-06-06'),
(205, 16, '2015-06-06'),
(205, 18, '2015-06-06'),
(205, 19, '2015-06-06'),
(205, 27, '2015-06-06'),
(205, 31, '2015-06-06'),
(205, 46, '2015-06-06'),
(205, 53, '2015-06-06'),
(205, 54, '2015-06-06'),
(206, 4, '2015-06-06'),
(206, 6, '2015-06-06'),
(206, 9, '2015-06-06'),
(206, 11, '2015-06-06'),
(206, 12, '2015-06-06'),
(206, 13, '2015-06-06'),
(206, 14, '2015-06-06'),
(206, 18, '2015-06-06'),
(206, 29, '2015-06-06'),
(206, 36, '2015-06-06'),
(206, 46, '2015-06-06'),
(207, 30, '2015-06-06'),
(209, 12, '2015-06-06'),
(209, 37, '2015-06-06'),
(211, 4, '2015-06-06'),
(211, 6, '2015-06-06'),
(211, 7, '2015-06-06'),
(211, 9, '2015-06-06'),
(211, 11, '2015-06-06'),
(211, 18, '2015-06-06'),
(211, 20, '2015-06-06'),
(211, 23, '2015-06-06'),
(211, 26, '2015-06-06'),
(211, 29, '2015-06-06'),
(211, 30, '2015-06-06'),
(211, 31, '2015-06-06'),
(211, 34, '2015-06-06'),
(211, 37, '2015-06-06'),
(211, 42, '2015-06-06'),
(216, 12, '2015-06-06'),
(216, 13, '2015-06-06'),
(216, 15, '2015-06-06'),
(217, 12, '2015-06-06'),
(217, 14, '2015-06-06'),
(217, 18, '2015-06-06'),
(217, 31, '2015-06-06'),
(219, 4, '2015-06-06'),
(219, 9, '2015-06-06'),
(219, 12, '2015-06-06'),
(219, 14, '2015-06-06'),
(219, 29, '2015-06-06'),
(219, 35, '2015-06-06'),
(220, 4, '2015-06-07'),
(220, 11, '2015-06-07'),
(220, 12, '2015-06-07'),
(220, 14, '2015-06-07'),
(220, 26, '2015-06-07'),
(220, 29, '2015-06-07'),
(220, 35, '2015-06-07'),
(221, 4, '2015-06-07'),
(221, 6, '2015-06-07'),
(221, 7, '2015-06-07'),
(221, 9, '2015-06-07'),
(221, 11, '2015-06-07'),
(221, 12, '2015-06-07'),
(221, 13, '2015-06-07'),
(221, 15, '2015-06-07'),
(221, 18, '2015-06-07'),
(221, 29, '2015-06-07'),
(221, 30, '2015-06-07'),
(221, 46, '2015-06-07'),
(221, 52, '2015-06-07'),
(221, 54, '2015-06-07'),
(222, 10, '2015-06-07'),
(222, 21, '2015-06-07'),
(222, 23, '2015-06-07'),
(222, 30, '2015-06-07'),
(223, 5, '2015-06-07'),
(223, 6, '2015-06-07'),
(223, 10, '2015-06-07'),
(223, 13, '2015-06-07'),
(223, 18, '2015-06-07'),
(223, 21, '2015-06-07'),
(223, 30, '2015-06-07'),
(223, 34, '2015-06-07'),
(223, 40, '2015-06-07'),
(223, 45, '2015-06-07'),
(223, 57, '2015-06-07'),
(223, 58, '2015-06-07'),
(224, 6, '2015-06-07'),
(224, 13, '2015-06-07'),
(224, 27, '2015-06-07'),
(224, 30, '2015-06-07'),
(224, 42, '2015-06-07'),
(226, 6, '2015-06-07'),
(226, 10, '2015-06-07'),
(226, 13, '2015-06-07'),
(226, 14, '2015-06-07'),
(226, 16, '2015-06-07'),
(226, 26, '2015-06-07'),
(226, 31, '2015-06-07'),
(226, 32, '2015-06-07'),
(226, 34, '2015-06-07'),
(226, 36, '2015-06-07'),
(226, 38, '2015-06-07'),
(226, 42, '2015-06-07'),
(226, 46, '2015-06-07'),
(227, 48, '2015-06-07'),
(229, 4, '2015-06-07'),
(229, 9, '2015-06-07'),
(229, 12, '2015-06-07'),
(229, 14, '2015-06-07'),
(229, 29, '2015-06-07'),
(229, 35, '2015-06-07'),
(231, 5, '2015-06-07'),
(231, 6, '2015-06-07'),
(231, 10, '2015-06-07'),
(231, 18, '2015-06-07'),
(231, 23, '2015-06-07'),
(231, 26, '2015-06-07'),
(231, 34, '2015-06-07'),
(231, 52, '2015-06-07'),
(231, 53, '2015-06-07'),
(232, 12, '2015-06-07'),
(232, 15, '2015-06-07'),
(232, 18, '2015-06-07'),
(232, 29, '2015-06-07'),
(232, 53, '2015-06-07'),
(232, 62, '2015-06-07'),
(233, 14, '2015-06-07'),
(233, 18, '2015-06-07'),
(234, 6, '2015-06-07'),
(234, 13, '2015-06-07'),
(234, 18, '2015-06-07'),
(234, 30, '2015-06-07'),
(235, 11, '2015-06-07'),
(235, 14, '2015-06-07'),
(235, 29, '2015-06-07'),
(235, 48, '2015-06-07'),
(237, 7, '2015-06-07'),
(237, 12, '2015-06-07'),
(237, 16, '2015-06-07'),
(237, 18, '2015-06-07'),
(237, 23, '2015-06-07'),
(237, 26, '2015-06-07'),
(237, 27, '2015-06-07'),
(237, 31, '2015-06-07'),
(237, 38, '2015-06-07'),
(237, 42, '2015-06-07'),
(237, 46, '2015-06-07'),
(237, 53, '2015-06-07'),
(238, 10, '2015-06-07'),
(238, 11, '2015-06-07'),
(238, 16, '2015-06-07'),
(238, 18, '2015-06-07'),
(238, 26, '2015-06-07'),
(239, 4, '2015-06-07'),
(239, 9, '2015-06-07'),
(239, 23, '2015-06-07'),
(239, 30, '2015-06-07'),
(239, 37, '2015-06-07'),
(240, 5, '2015-06-07'),
(240, 6, '2015-06-07'),
(240, 10, '2015-06-07'),
(240, 19, '2015-06-07'),
(240, 21, '2015-06-07'),
(240, 23, '2015-06-07'),
(240, 30, '2015-06-07'),
(240, 34, '2015-06-07'),
(240, 57, '2015-06-07'),
(242, 12, '2015-06-08'),
(242, 14, '2015-06-08'),
(242, 18, '2015-06-08'),
(242, 29, '2015-06-08'),
(242, 32, '2015-06-08'),
(242, 46, '2015-06-08'),
(242, 57, '2015-06-08'),
(244, 5, '2015-06-08'),
(244, 6, '2015-06-08'),
(244, 10, '2015-06-08'),
(244, 11, '2015-06-08'),
(244, 13, '2015-06-08'),
(244, 14, '2015-06-08'),
(244, 30, '2015-06-08'),
(244, 45, '2015-06-08'),
(244, 57, '2015-06-08'),
(246, 4, '2015-06-08'),
(246, 6, '2015-06-08'),
(246, 9, '2015-06-08'),
(246, 12, '2015-06-08'),
(246, 26, '2015-06-08'),
(246, 29, '2015-06-08'),
(246, 35, '2015-06-08'),
(247, 6, '2015-06-08'),
(248, 18, '2015-06-08'),
(248, 20, '2015-06-08'),
(248, 27, '2015-06-08'),
(248, 31, '2015-06-08'),
(248, 36, '2015-06-08'),
(248, 52, '2015-06-08'),
(248, 53, '2015-06-08'),
(248, 54, '2015-06-08'),
(249, 14, '2015-06-08'),
(250, 18, '2015-06-08'),
(250, 33, '2015-06-08'),
(252, 9, '2015-06-08'),
(252, 14, '2015-06-08'),
(252, 18, '2015-06-08'),
(252, 19, '2015-06-08'),
(252, 20, '2015-06-08'),
(252, 23, '2015-06-08'),
(252, 26, '2015-06-08'),
(252, 27, '2015-06-08'),
(252, 30, '2015-06-08'),
(252, 38, '2015-06-08'),
(252, 58, '2015-06-08'),
(253, 12, '2015-06-08'),
(253, 14, '2015-06-08'),
(254, 4, '2015-06-08'),
(254, 6, '2015-06-08'),
(254, 9, '2015-06-08'),
(254, 10, '2015-06-08'),
(254, 12, '2015-06-08'),
(254, 14, '2015-06-08'),
(254, 16, '2015-06-08'),
(254, 18, '2015-06-08'),
(254, 21, '2015-06-08'),
(254, 24, '2015-06-08'),
(254, 28, '2015-06-08'),
(254, 29, '2015-06-08'),
(254, 34, '2015-06-08'),
(254, 35, '2015-06-08'),
(256, 9, '2015-06-08'),
(257, 4, '2015-06-13'),
(257, 6, '2015-06-13'),
(257, 9, '2015-06-13'),
(257, 12, '2015-06-13'),
(257, 13, '2015-06-13'),
(257, 14, '2015-06-13'),
(257, 18, '2015-06-13'),
(257, 19, '2015-06-13'),
(257, 20, '2015-06-13'),
(257, 23, '2015-06-13'),
(257, 26, '2015-06-13'),
(257, 27, '2015-06-13'),
(257, 29, '2015-06-13'),
(257, 35, '2015-06-13'),
(257, 36, '2015-06-13'),
(257, 40, '2015-06-13'),
(257, 46, '2015-06-13'),
(257, 52, '2015-06-13'),
(257, 56, '2015-06-13'),
(258, 18, '2015-06-13'),
(258, 29, '2015-06-13'),
(258, 30, '2015-06-13'),
(258, 53, '2015-06-13'),
(260, 6, '2015-06-13'),
(260, 14, '2015-06-13'),
(260, 37, '2015-06-13'),
(260, 52, '2015-06-13'),
(260, 53, '2015-06-13'),
(261, 12, '2015-06-13'),
(261, 14, '2015-06-13'),
(261, 16, '2015-06-13'),
(261, 29, '2015-06-13'),
(262, 6, '2015-06-13'),
(262, 12, '2015-06-13'),
(262, 14, '2015-06-13'),
(262, 15, '2015-06-13'),
(262, 16, '2015-06-13'),
(262, 18, '2015-06-13'),
(262, 19, '2015-06-13'),
(262, 20, '2015-06-13'),
(262, 21, '2015-06-13'),
(262, 29, '2015-06-13'),
(262, 30, '2015-06-13'),
(262, 33, '2015-06-13'),
(262, 36, '2015-06-13'),
(262, 37, '2015-06-13'),
(263, 12, '2015-06-13'),
(263, 14, '2015-06-13'),
(263, 16, '2015-06-13'),
(263, 32, '2015-06-13'),
(263, 35, '2015-06-13'),
(263, 46, '2015-06-13'),
(263, 57, '2015-06-13'),
(264, 12, '2015-06-13'),
(264, 14, '2015-06-13'),
(264, 16, '2015-06-13'),
(264, 18, '2015-06-13'),
(264, 29, '2015-06-13'),
(264, 64, '2015-06-13'),
(267, 9, '2015-06-13'),
(267, 26, '2015-06-13'),
(267, 31, '2015-06-13'),
(267, 46, '2015-06-13'),
(268, 18, '2015-06-13'),
(268, 46, '2015-06-13'),
(269, 10, '2015-06-13'),
(269, 20, '2015-06-13'),
(269, 23, '2015-06-13'),
(269, 30, '2015-06-13'),
(270, 4, '2015-06-13'),
(270, 6, '2015-06-13'),
(270, 9, '2015-06-13'),
(270, 12, '2015-06-13'),
(270, 29, '2015-06-13'),
(270, 35, '2015-06-13'),
(270, 37, '2015-06-13'),
(270, 57, '2015-06-13'),
(270, 58, '2015-06-13'),
(271, 37, '2015-06-13'),
(272, 20, '2015-06-13'),
(272, 25, '2015-06-13'),
(275, 30, '2015-06-13'),
(276, 4, '2015-06-13'),
(276, 9, '2015-06-13'),
(276, 13, '2015-06-13'),
(276, 15, '2015-06-13'),
(276, 30, '2015-06-13'),
(276, 35, '2015-06-13'),
(276, 36, '2015-06-13'),
(276, 46, '2015-06-13'),
(276, 60, '2015-06-13'),
(277, 14, '2015-06-13'),
(277, 32, '2015-06-13'),
(277, 57, '2015-06-13'),
(278, 20, '2015-06-13'),
(278, 23, '2015-06-13'),
(278, 27, '2015-06-13'),
(279, 16, '2015-06-13'),
(279, 19, '2015-06-13'),
(279, 29, '2015-06-13'),
(280, 18, '2015-06-13'),
(280, 48, '2015-06-13'),
(280, 52, '2015-06-13'),
(280, 53, '2015-06-13'),
(281, 6, '2015-06-13'),
(281, 11, '2015-06-13'),
(281, 12, '2015-06-13'),
(281, 14, '2015-06-13'),
(281, 18, '2015-06-13'),
(281, 20, '2015-06-13'),
(281, 23, '2015-06-13'),
(281, 27, '2015-06-13'),
(281, 29, '2015-06-13'),
(281, 36, '2015-06-13'),
(281, 57, '2015-06-13'),
(281, 58, '2015-06-13'),
(283, 6, '2015-06-13'),
(283, 10, '2015-06-13'),
(283, 12, '2015-06-13'),
(283, 13, '2015-06-13'),
(283, 14, '2015-06-13'),
(283, 20, '2015-06-13'),
(283, 29, '2015-06-13'),
(283, 30, '2015-06-13'),
(284, 10, '2015-06-16'),
(285, 4, '2015-06-16'),
(285, 6, '2015-06-16'),
(285, 9, '2015-06-16'),
(285, 13, '2015-06-16'),
(285, 18, '2015-06-16'),
(285, 29, '2015-06-16'),
(285, 32, '2015-06-16'),
(285, 35, '2015-06-16'),
(285, 39, '2015-06-16'),
(285, 40, '2015-06-16'),
(285, 42, '2015-06-16'),
(285, 46, '2015-06-16'),
(285, 58, '2015-06-16'),
(285, 60, '2015-06-16'),
(286, 4, '2015-06-16'),
(286, 9, '2015-06-16'),
(286, 12, '2015-06-16'),
(286, 14, '2015-06-16'),
(286, 18, '2015-06-16'),
(286, 29, '2015-06-16'),
(286, 35, '2015-06-16'),
(287, 4, '2015-06-16'),
(287, 9, '2015-06-16'),
(287, 12, '2015-06-16'),
(287, 15, '2015-06-16'),
(287, 26, '2015-06-16'),
(287, 29, '2015-06-16'),
(287, 36, '2015-06-16'),
(287, 64, '2015-06-16'),
(290, 32, '2015-06-16'),
(290, 41, '2015-06-16'),
(290, 48, '2015-06-16'),
(290, 52, '2015-06-16'),
(290, 53, '2015-06-16'),
(291, 10, '2015-06-16'),
(291, 20, '2015-06-16'),
(291, 30, '2015-06-16'),
(292, 14, '2015-06-16'),
(292, 16, '2015-06-16'),
(292, 18, '2015-06-16'),
(292, 31, '2015-06-16'),
(293, 12, '2015-06-16'),
(293, 15, '2015-06-16'),
(293, 32, '2015-06-16'),
(294, 14, '2015-06-16'),
(294, 15, '2015-06-16'),
(294, 16, '2015-06-16'),
(294, 18, '2015-06-16'),
(294, 19, '2015-06-16'),
(294, 20, '2015-06-16'),
(294, 23, '2015-06-16'),
(294, 26, '2015-06-16'),
(294, 27, '2015-06-16'),
(294, 30, '2015-06-16'),
(294, 33, '2015-06-16'),
(294, 37, '2015-06-16'),
(294, 42, '2015-06-16'),
(294, 46, '2015-06-16'),
(294, 52, '2015-06-16'),
(294, 53, '2015-06-16'),
(294, 54, '2015-06-16'),
(294, 55, '2015-06-16'),
(294, 64, '2015-06-16'),
(294, 65, '2015-06-16'),
(294, 67, '2015-06-16'),
(295, 4, '2015-06-16'),
(295, 9, '2015-06-16'),
(295, 11, '2015-06-16'),
(295, 12, '2015-06-16'),
(295, 14, '2015-06-16'),
(295, 16, '2015-06-16'),
(295, 26, '2015-06-16'),
(295, 27, '2015-06-16'),
(295, 29, '2015-06-16'),
(297, 4, '2015-06-16'),
(297, 9, '2015-06-16'),
(297, 14, '2015-06-16'),
(297, 18, '2015-06-16'),
(297, 29, '2015-06-16'),
(297, 33, '2015-06-16'),
(297, 35, '2015-06-16'),
(297, 42, '2015-06-16'),
(297, 46, '2015-06-16'),
(297, 52, '2015-06-16'),
(297, 57, '2015-06-16'),
(299, 6, '2015-06-16'),
(299, 18, '2015-06-16'),
(299, 21, '2015-06-16'),
(299, 23, '2015-06-16'),
(300, 65, '2015-06-16'),
(301, 15, '2015-06-16'),
(301, 20, '2015-06-16'),
(301, 35, '2015-06-16'),
(301, 48, '2015-06-16'),
(304, 12, '2015-06-16'),
(304, 15, '2015-06-16'),
(304, 16, '2015-06-16'),
(304, 46, '2015-06-16'),
(305, 4, '2015-06-16'),
(305, 9, '2015-06-16'),
(305, 12, '2015-06-16'),
(305, 14, '2015-06-16'),
(305, 16, '2015-06-16'),
(305, 18, '2015-06-16'),
(305, 29, '2015-06-16'),
(305, 35, '2015-06-16'),
(305, 36, '2015-06-16'),
(305, 62, '2015-06-16'),
(306, 18, '2015-06-16'),
(306, 27, '2015-06-16'),
(306, 30, '2015-06-16'),
(306, 37, '2015-06-16'),
(307, 6, '2015-06-16'),
(307, 9, '2015-06-16'),
(307, 10, '2015-06-16'),
(307, 12, '2015-06-16'),
(307, 18, '2015-06-16'),
(307, 20, '2015-06-16'),
(307, 30, '2015-06-16'),
(307, 58, '2015-06-16'),
(308, 46, '2015-06-16'),
(309, 4, '2015-06-16'),
(309, 5, '2015-06-16'),
(309, 6, '2015-06-16'),
(309, 9, '2015-06-16'),
(309, 10, '2015-06-16'),
(309, 11, '2015-06-16'),
(309, 13, '2015-06-16'),
(309, 16, '2015-06-16'),
(309, 18, '2015-06-16'),
(309, 21, '2015-06-16'),
(309, 23, '2015-06-16'),
(309, 24, '2015-06-16'),
(309, 26, '2015-06-16'),
(309, 27, '2015-06-16'),
(309, 29, '2015-06-16'),
(309, 30, '2015-06-16'),
(309, 32, '2015-06-16'),
(309, 34, '2015-06-16'),
(309, 36, '2015-06-16'),
(309, 38, '2015-06-16'),
(309, 41, '2015-06-16'),
(309, 46, '2015-06-16'),
(309, 60, '2015-06-16'),
(310, 7, '2015-06-16'),
(310, 9, '2015-06-16'),
(310, 13, '2015-06-16'),
(310, 16, '2015-06-16'),
(310, 18, '2015-06-16'),
(310, 19, '2015-06-16'),
(310, 21, '2015-06-16'),
(310, 23, '2015-06-16'),
(310, 27, '2015-06-16'),
(310, 29, '2015-06-16'),
(310, 37, '2015-06-16'),
(310, 38, '2015-06-16'),
(311, 14, '2015-06-16'),
(311, 19, '2015-06-16'),
(311, 21, '2015-06-16'),
(311, 26, '2015-06-16'),
(311, 31, '2015-06-16'),
(311, 46, '2015-06-16'),
(311, 52, '2015-06-16'),
(315, 37, '2015-07-23'),
(316, 9, '2015-07-28');

-- --------------------------------------------------------

--
-- Struktur dari tabel `rm_treatment`
--

CREATE TABLE IF NOT EXISTS `rm_treatment` (
  `IDREKAM` int(11) NOT NULL,
  `IDTREATMENT` int(11) NOT NULL,
  `TANGGAL` date DEFAULT NULL
) ENGINE=InnoDB DEFAULT CHARSET=latin1;

--
-- Dumping data untuk tabel `rm_treatment`
--

INSERT INTO `rm_treatment` (`IDREKAM`, `IDTREATMENT`, `TANGGAL`) VALUES
(2, 5, '2015-05-22'),
(4, 6, '2015-05-28'),
(4, 8, '2015-05-28'),
(5, 5, '2015-05-28'),
(5, 9, '2015-05-28'),
(5, 58, '2015-05-28'),
(6, 46, '2015-05-28'),
(7, 5, '2015-05-28'),
(7, 9, '2015-05-28'),
(8, 6, '2015-05-28'),
(8, 8, '2015-05-28'),
(9, 8, '2015-05-28'),
(9, 9, '2015-05-28'),
(9, 12, '2015-05-28'),
(9, 14, '2015-05-28'),
(9, 18, '2015-05-28'),
(9, 42, '2015-05-28'),
(9, 58, '2015-05-28'),
(10, 5, '2015-05-28'),
(10, 6, '2015-05-28'),
(10, 7, '2015-05-28'),
(10, 9, '2015-05-28'),
(10, 17, '2015-05-28'),
(10, 18, '2015-05-28'),
(11, 8, '2015-05-28'),
(11, 14, '2015-05-28'),
(11, 42, '2015-05-28'),
(11, 46, '2015-05-28'),
(13, 46, '2015-05-28'),
(14, 6, '2015-05-28'),
(14, 8, '2015-05-28'),
(15, 8, '2015-05-28'),
(15, 12, '2015-05-28'),
(15, 14, '2015-05-28'),
(15, 15, '2015-05-28'),
(15, 17, '2015-05-28'),
(15, 18, '2015-05-28'),
(15, 19, '2015-05-28'),
(15, 42, '2015-05-28'),
(15, 44, '2015-05-28'),
(15, 47, '2015-05-28'),
(15, 63, '2015-05-28'),
(16, 5, '2015-05-28'),
(16, 6, '2015-05-28'),
(16, 8, '2015-05-28'),
(16, 9, '2015-05-28'),
(17, 5, '2015-05-28'),
(17, 8, '2015-05-28'),
(17, 9, '2015-05-28'),
(17, 19, '2015-05-28'),
(18, 5, '2015-05-28'),
(18, 9, '2015-05-28'),
(19, 5, '2015-05-28'),
(19, 9, '2015-05-28'),
(19, 17, '2015-05-28'),
(19, 18, '2015-05-28'),
(20, 15, '2015-05-28'),
(21, 5, '2015-05-29'),
(21, 9, '2015-05-29'),
(21, 11, '2015-05-29'),
(22, 8, '2015-05-29'),
(22, 14, '2015-05-29'),
(22, 17, '2015-05-29'),
(22, 40, '2015-05-29'),
(22, 43, '2015-05-29'),
(23, 5, '2015-05-29'),
(23, 9, '2015-05-29'),
(27, 8, '2015-05-29'),
(27, 15, '2015-05-29'),
(28, 5, '2015-05-29'),
(28, 6, '2015-05-29'),
(28, 8, '2015-05-29'),
(28, 9, '2015-05-29'),
(28, 39, '2015-05-29'),
(28, 43, '2015-05-29'),
(29, 8, '2015-05-29'),
(29, 10, '2015-05-29'),
(29, 12, '2015-05-29'),
(29, 14, '2015-05-29'),
(29, 17, '2015-05-29'),
(29, 19, '2015-05-29'),
(30, 5, '2015-05-29'),
(30, 8, '2015-05-29'),
(30, 9, '2015-05-29'),
(30, 10, '2015-05-29'),
(30, 11, '2015-05-29'),
(30, 14, '2015-05-29'),
(30, 17, '2015-05-29'),
(30, 18, '2015-05-29'),
(30, 19, '2015-05-29'),
(30, 42, '2015-05-29'),
(30, 43, '2015-05-29'),
(30, 49, '2015-05-29'),
(31, 6, '2015-05-29'),
(31, 8, '2015-05-29'),
(31, 9, '2015-05-29'),
(31, 14, '2015-05-29'),
(31, 15, '2015-05-29'),
(31, 17, '2015-05-29'),
(31, 21, '2015-05-29'),
(31, 64, '2015-05-29'),
(32, 8, '2015-05-29'),
(32, 12, '2015-05-29'),
(32, 14, '2015-05-29'),
(32, 15, '2015-05-29'),
(32, 33, '2015-05-29'),
(32, 34, '2015-05-29'),
(32, 35, '2015-05-29'),
(32, 64, '2015-05-29'),
(34, 5, '2015-05-29'),
(34, 8, '2015-05-29'),
(34, 9, '2015-05-29'),
(34, 12, '2015-05-29'),
(34, 14, '2015-05-29'),
(34, 15, '2015-05-29'),
(34, 17, '2015-05-29'),
(34, 63, '2015-05-29'),
(35, 8, '2015-05-29'),
(35, 15, '2015-05-29'),
(36, 5, '2015-05-29'),
(36, 6, '2015-05-29'),
(36, 9, '2015-05-29'),
(36, 11, '2015-05-29'),
(36, 14, '2015-05-29'),
(36, 38, '2015-05-29'),
(37, 46, '2015-05-29'),
(38, 5, '2015-05-29'),
(38, 6, '2015-05-29'),
(38, 8, '2015-05-29'),
(38, 9, '2015-05-29'),
(38, 14, '2015-05-29'),
(38, 17, '2015-05-29'),
(38, 18, '2015-05-29'),
(38, 41, '2015-05-29'),
(39, 6, '2015-05-29'),
(39, 8, '2015-05-29'),
(39, 9, '2015-05-29'),
(39, 10, '2015-05-29'),
(39, 13, '2015-05-29'),
(39, 18, '2015-05-29'),
(39, 43, '2015-05-29'),
(39, 46, '2015-05-29'),
(39, 64, '2015-05-29'),
(40, 46, '2015-06-01'),
(41, 5, '2015-06-01'),
(41, 8, '2015-06-01'),
(41, 9, '2015-06-01'),
(41, 17, '2015-06-01'),
(41, 18, '2015-06-01'),
(42, 5, '2015-06-01'),
(42, 9, '2015-06-01'),
(42, 11, '2015-06-01'),
(42, 17, '2015-06-01'),
(42, 18, '2015-06-01'),
(42, 41, '2015-06-01'),
(42, 51, '2015-06-01'),
(43, 15, '2015-06-01'),
(44, 5, '2015-06-01'),
(44, 6, '2015-06-01'),
(44, 8, '2015-06-01'),
(44, 9, '2015-06-01'),
(44, 10, '2015-06-01'),
(44, 19, '2015-06-01'),
(45, 47, '2015-06-01'),
(46, 8, '2015-06-01'),
(46, 15, '2015-06-01'),
(46, 17, '2015-06-01'),
(47, 9, '2015-06-01'),
(47, 12, '2015-06-01'),
(47, 14, '2015-06-01'),
(47, 17, '2015-06-01'),
(47, 45, '2015-06-01'),
(47, 50, '2015-06-01'),
(47, 55, '2015-06-01'),
(48, 5, '2015-06-01'),
(48, 9, '2015-06-01'),
(48, 15, '2015-06-01'),
(49, 17, '2015-06-01'),
(50, 5, '2015-06-01'),
(50, 6, '2015-06-01'),
(50, 8, '2015-06-01'),
(50, 9, '2015-06-01'),
(50, 14, '2015-06-01'),
(50, 17, '2015-06-01'),
(50, 41, '2015-06-01'),
(50, 42, '2015-06-01'),
(50, 51, '2015-06-01'),
(50, 55, '2015-06-01'),
(51, 9, '2015-06-01'),
(51, 18, '2015-06-01'),
(52, 8, '2015-06-01'),
(52, 15, '2015-06-01'),
(52, 17, '2015-06-01'),
(52, 34, '2015-06-01'),
(54, 8, '2015-06-01'),
(54, 17, '2015-06-01'),
(55, 8, '2015-06-01'),
(55, 14, '2015-06-01'),
(55, 17, '2015-06-01'),
(55, 19, '2015-06-01'),
(55, 54, '2015-06-01'),
(55, 56, '2015-06-01'),
(56, 6, '2015-06-01'),
(56, 8, '2015-06-01'),
(56, 11, '2015-06-01'),
(56, 15, '2015-06-01'),
(56, 17, '2015-06-01'),
(56, 18, '2015-06-01'),
(57, 8, '2015-06-01'),
(57, 15, '2015-06-01'),
(58, 8, '2015-06-01'),
(58, 15, '2015-06-01'),
(58, 17, '2015-06-01'),
(58, 33, '2015-06-01'),
(59, 5, '2015-06-01'),
(59, 8, '2015-06-01'),
(59, 9, '2015-06-01'),
(59, 15, '2015-06-01'),
(60, 8, '2015-06-01'),
(60, 14, '2015-06-01'),
(60, 19, '2015-06-01'),
(60, 42, '2015-06-01'),
(61, 8, '2015-06-01'),
(61, 14, '2015-06-01'),
(62, 5, '2015-06-02'),
(62, 6, '2015-06-02'),
(62, 10, '2015-06-02'),
(62, 11, '2015-06-02'),
(62, 12, '2015-06-02'),
(62, 14, '2015-06-02'),
(62, 15, '2015-06-02'),
(62, 17, '2015-06-02'),
(62, 18, '2015-06-02'),
(62, 19, '2015-06-02'),
(62, 32, '2015-06-02'),
(62, 35, '2015-06-02'),
(63, 15, '2015-06-02'),
(64, 5, '2015-06-02'),
(64, 15, '2015-06-02'),
(64, 17, '2015-06-02'),
(65, 5, '2015-06-02'),
(65, 9, '2015-06-02'),
(65, 10, '2015-06-02'),
(65, 15, '2015-06-02'),
(65, 17, '2015-06-02'),
(65, 18, '2015-06-02'),
(65, 63, '2015-06-02'),
(66, 5, '2015-06-02'),
(66, 9, '2015-06-02'),
(66, 11, '2015-06-02'),
(66, 18, '2015-06-02'),
(67, 6, '2015-06-02'),
(67, 8, '2015-06-02'),
(68, 8, '2015-06-02'),
(68, 13, '2015-06-02'),
(68, 14, '2015-06-02'),
(68, 42, '2015-06-02'),
(68, 44, '2015-06-02'),
(68, 51, '2015-06-02'),
(68, 55, '2015-06-02'),
(68, 63, '2015-06-02'),
(69, 5, '2015-06-02'),
(69, 9, '2015-06-02'),
(69, 11, '2015-06-02'),
(69, 18, '2015-06-02'),
(69, 56, '2015-06-02'),
(70, 5, '2015-06-02'),
(70, 9, '2015-06-02'),
(71, 6, '2015-06-02'),
(71, 12, '2015-06-02'),
(71, 17, '2015-06-02'),
(72, 5, '2015-06-02'),
(72, 8, '2015-06-02'),
(72, 9, '2015-06-02'),
(72, 18, '2015-06-02'),
(74, 15, '2015-06-02'),
(74, 17, '2015-06-02'),
(75, 10, '2015-06-02'),
(75, 17, '2015-06-02'),
(76, 46, '2015-06-02'),
(77, 24, '2015-06-04'),
(77, 30, '2015-06-04'),
(78, 14, '2015-06-04'),
(78, 15, '2015-06-04'),
(78, 16, '2015-06-04'),
(78, 19, '2015-06-04'),
(78, 40, '2015-06-04'),
(79, 21, '2015-06-04'),
(80, 53, '2015-06-04'),
(81, 6, '2015-06-04'),
(81, 8, '2015-06-04'),
(81, 14, '2015-06-04'),
(81, 15, '2015-06-04'),
(81, 17, '2015-06-04'),
(81, 19, '2015-06-04'),
(81, 46, '2015-06-04'),
(82, 5, '2015-06-04'),
(82, 9, '2015-06-04'),
(82, 11, '2015-06-04'),
(83, 8, '2015-06-04'),
(83, 15, '2015-06-04'),
(83, 17, '2015-06-04'),
(84, 15, '2015-06-04'),
(85, 6, '2015-06-04'),
(85, 8, '2015-06-04'),
(85, 15, '2015-06-04'),
(86, 5, '2015-06-04'),
(86, 8, '2015-06-04'),
(88, 47, '2015-06-04'),
(89, 6, '2015-06-04'),
(90, 63, '2015-06-04'),
(91, 8, '2015-06-04'),
(91, 13, '2015-06-04'),
(91, 17, '2015-06-04'),
(92, 15, '2015-06-04'),
(93, 8, '2015-06-04'),
(93, 19, '2015-06-04'),
(93, 34, '2015-06-04'),
(93, 40, '2015-06-04'),
(96, 5, '2015-06-04'),
(96, 9, '2015-06-04'),
(96, 34, '2015-06-04'),
(96, 42, '2015-06-04'),
(97, 6, '2015-06-04'),
(97, 15, '2015-06-04'),
(98, 5, '2015-06-04'),
(98, 8, '2015-06-04'),
(98, 9, '2015-06-04'),
(98, 15, '2015-06-04'),
(98, 17, '2015-06-04'),
(98, 56, '2015-06-04'),
(99, 46, '2015-06-04'),
(99, 51, '2015-06-04'),
(100, 6, '2015-06-04'),
(101, 5, '2015-06-04'),
(101, 9, '2015-06-04'),
(101, 11, '2015-06-04'),
(102, 8, '2015-06-04'),
(102, 15, '2015-06-04'),
(102, 17, '2015-06-04'),
(103, 6, '2015-06-04'),
(103, 8, '2015-06-04'),
(103, 15, '2015-06-04'),
(103, 63, '2015-06-04'),
(104, 6, '2015-06-04'),
(104, 9, '2015-06-04'),
(104, 14, '2015-06-04'),
(104, 64, '2015-06-04'),
(105, 15, '2015-06-04'),
(106, 5, '2015-06-04'),
(107, 61, '2015-06-04'),
(108, 5, '2015-06-04'),
(108, 9, '2015-06-04'),
(109, 8, '2015-06-04'),
(109, 14, '2015-06-04'),
(109, 17, '2015-06-04'),
(110, 8, '2015-06-05'),
(110, 9, '2015-06-05'),
(110, 15, '2015-06-05'),
(110, 17, '2015-06-05'),
(111, 8, '2015-06-05'),
(111, 15, '2015-06-05'),
(111, 17, '2015-06-05'),
(111, 19, '2015-06-05'),
(112, 5, '2015-06-05'),
(112, 47, '2015-06-05'),
(114, 5, '2015-06-05'),
(115, 46, '2015-06-05'),
(116, 8, '2015-06-05'),
(116, 14, '2015-06-05'),
(116, 15, '2015-06-05'),
(116, 16, '2015-06-05'),
(117, 5, '2015-06-05'),
(117, 9, '2015-06-05'),
(118, 5, '2015-06-05'),
(118, 9, '2015-06-05'),
(118, 10, '2015-06-05'),
(118, 11, '2015-06-05'),
(118, 12, '2015-06-05'),
(118, 14, '2015-06-05'),
(118, 18, '2015-06-05'),
(119, 45, '2015-06-05'),
(120, 6, '2015-06-05'),
(120, 9, '2015-06-05'),
(120, 12, '2015-06-05'),
(120, 42, '2015-06-05'),
(120, 43, '2015-06-05'),
(121, 5, '2015-06-05'),
(121, 11, '2015-06-05'),
(122, 15, '2015-06-05'),
(123, 5, '2015-06-05'),
(123, 8, '2015-06-05'),
(123, 9, '2015-06-05'),
(123, 14, '2015-06-05'),
(123, 15, '2015-06-05'),
(124, 8, '2015-06-05'),
(124, 19, '2015-06-05'),
(125, 5, '2015-06-05'),
(125, 9, '2015-06-05'),
(126, 5, '2015-06-05'),
(126, 9, '2015-06-05'),
(129, 8, '2015-06-05'),
(129, 13, '2015-06-05'),
(129, 17, '2015-06-05'),
(129, 64, '2015-06-05'),
(130, 8, '2015-06-05'),
(130, 17, '2015-06-05'),
(131, 8, '2015-06-05'),
(131, 17, '2015-06-05'),
(132, 5, '2015-06-05'),
(132, 9, '2015-06-05'),
(132, 11, '2015-06-05'),
(132, 18, '2015-06-05'),
(132, 19, '2015-06-05'),
(132, 48, '2015-06-05'),
(133, 15, '2015-06-05'),
(133, 19, '2015-06-05'),
(134, 5, '2015-06-05'),
(134, 9, '2015-06-05'),
(135, 5, '2015-06-05'),
(135, 6, '2015-06-05'),
(135, 8, '2015-06-05'),
(135, 9, '2015-06-05'),
(135, 14, '2015-06-05'),
(135, 17, '2015-06-05'),
(135, 22, '2015-06-05'),
(136, 5, '2015-06-05'),
(136, 6, '2015-06-05'),
(136, 7, '2015-06-05'),
(136, 8, '2015-06-05'),
(136, 9, '2015-06-05'),
(136, 10, '2015-06-05'),
(136, 11, '2015-06-05'),
(136, 15, '2015-06-05'),
(136, 17, '2015-06-05'),
(136, 42, '2015-06-05'),
(137, 5, '2015-06-05'),
(137, 6, '2015-06-05'),
(137, 8, '2015-06-05'),
(138, 5, '2015-06-05'),
(138, 6, '2015-06-05'),
(138, 8, '2015-06-05'),
(138, 9, '2015-06-05'),
(138, 10, '2015-06-05'),
(138, 12, '2015-06-05'),
(138, 14, '2015-06-05'),
(138, 17, '2015-06-05'),
(138, 18, '2015-06-05'),
(138, 19, '2015-06-05'),
(138, 46, '2015-06-05'),
(138, 55, '2015-06-05'),
(138, 56, '2015-06-05'),
(139, 5, '2015-06-05'),
(139, 6, '2015-06-05'),
(139, 8, '2015-06-05'),
(139, 13, '2015-06-05'),
(140, 12, '2015-06-05'),
(140, 14, '2015-06-05'),
(140, 17, '2015-06-05'),
(140, 40, '2015-06-05'),
(141, 5, '2015-06-05'),
(141, 9, '2015-06-05'),
(142, 15, '2015-06-05'),
(143, 8, '2015-06-05'),
(143, 14, '2015-06-05'),
(143, 20, '2015-06-05'),
(143, 40, '2015-06-05'),
(143, 42, '2015-06-05'),
(143, 56, '2015-06-05'),
(144, 5, '2015-06-05'),
(144, 9, '2015-06-05'),
(145, 8, '2015-06-05'),
(145, 15, '2015-06-05'),
(145, 17, '2015-06-05'),
(146, 5, '2015-06-05'),
(146, 9, '2015-06-05'),
(146, 47, '2015-06-05'),
(148, 8, '2015-06-05'),
(148, 17, '2015-06-05'),
(149, 5, '2015-06-05'),
(149, 9, '2015-06-05'),
(150, 5, '2015-06-06'),
(150, 8, '2015-06-06'),
(150, 9, '2015-06-06'),
(150, 13, '2015-06-06'),
(151, 46, '2015-06-06'),
(151, 48, '2015-06-06'),
(152, 6, '2015-06-06'),
(152, 8, '2015-06-06'),
(152, 15, '2015-06-06'),
(152, 17, '2015-06-06'),
(152, 35, '2015-06-06'),
(152, 42, '2015-06-06'),
(153, 5, '2015-06-06'),
(153, 9, '2015-06-06'),
(153, 11, '2015-06-06'),
(153, 17, '2015-06-06'),
(154, 5, '2015-06-06'),
(154, 8, '2015-06-06'),
(154, 9, '2015-06-06'),
(154, 18, '2015-06-06'),
(155, 8, '2015-06-06'),
(155, 14, '2015-06-06'),
(155, 19, '2015-06-06'),
(155, 40, '2015-06-06'),
(157, 5, '2015-06-06'),
(157, 9, '2015-06-06'),
(157, 11, '2015-06-06'),
(157, 17, '2015-06-06'),
(157, 18, '2015-06-06'),
(157, 43, '2015-06-06'),
(157, 54, '2015-06-06'),
(158, 5, '2015-06-06'),
(158, 6, '2015-06-06'),
(158, 8, '2015-06-06'),
(158, 9, '2015-06-06'),
(159, 8, '2015-06-06'),
(159, 12, '2015-06-06'),
(159, 15, '2015-06-06'),
(159, 17, '2015-06-06'),
(159, 19, '2015-06-06'),
(159, 46, '2015-06-06'),
(159, 47, '2015-06-06'),
(159, 51, '2015-06-06'),
(159, 55, '2015-06-06'),
(160, 5, '2015-06-06'),
(160, 9, '2015-06-06'),
(161, 5, '2015-06-06'),
(161, 7, '2015-06-06'),
(161, 8, '2015-06-06'),
(161, 9, '2015-06-06'),
(161, 11, '2015-06-06'),
(161, 15, '2015-06-06'),
(161, 18, '2015-06-06'),
(161, 41, '2015-06-06'),
(162, 5, '2015-06-06'),
(162, 9, '2015-06-06'),
(162, 11, '2015-06-06'),
(162, 18, '2015-06-06'),
(163, 5, '2015-06-06'),
(163, 6, '2015-06-06'),
(163, 7, '2015-06-06'),
(163, 11, '2015-06-06'),
(164, 8, '2015-06-06'),
(164, 17, '2015-06-06'),
(165, 8, '2015-06-06'),
(165, 9, '2015-06-06'),
(165, 15, '2015-06-06'),
(166, 6, '2015-06-06'),
(166, 8, '2015-06-06'),
(166, 9, '2015-06-06'),
(166, 10, '2015-06-06'),
(166, 14, '2015-06-06'),
(166, 35, '2015-06-06'),
(166, 36, '2015-06-06'),
(167, 5, '2015-06-06'),
(167, 8, '2015-06-06'),
(167, 9, '2015-06-06'),
(167, 18, '2015-06-06'),
(167, 25, '2015-06-06'),
(168, 6, '2015-06-06'),
(169, 5, '2015-06-06'),
(169, 9, '2015-06-06'),
(169, 17, '2015-06-06'),
(169, 19, '2015-06-06'),
(170, 11, '2015-06-06'),
(171, 5, '2015-06-06'),
(171, 9, '2015-06-06'),
(171, 18, '2015-06-06'),
(172, 6, '2015-06-06'),
(172, 8, '2015-06-06'),
(172, 13, '2015-06-06'),
(172, 15, '2015-06-06'),
(172, 40, '2015-06-06'),
(172, 47, '2015-06-06'),
(172, 51, '2015-06-06'),
(172, 53, '2015-06-06'),
(173, 8, '2015-06-06'),
(173, 17, '2015-06-06'),
(174, 5, '2015-06-06'),
(174, 6, '2015-06-06'),
(174, 9, '2015-06-06'),
(174, 13, '2015-06-06'),
(174, 17, '2015-06-06'),
(174, 25, '2015-06-06'),
(174, 40, '2015-06-06'),
(174, 49, '2015-06-06'),
(175, 5, '2015-06-06'),
(175, 6, '2015-06-06'),
(175, 8, '2015-06-06'),
(175, 15, '2015-06-06'),
(175, 33, '2015-06-06'),
(175, 40, '2015-06-06'),
(175, 42, '2015-06-06'),
(176, 6, '2015-06-06'),
(176, 8, '2015-06-06'),
(176, 12, '2015-06-06'),
(176, 17, '2015-06-06'),
(177, 5, '2015-06-06'),
(177, 8, '2015-06-06'),
(177, 9, '2015-06-06'),
(177, 15, '2015-06-06'),
(177, 44, '2015-06-06'),
(177, 58, '2015-06-06'),
(178, 6, '2015-06-06'),
(178, 8, '2015-06-06'),
(182, 8, '2015-06-06'),
(182, 17, '2015-06-06'),
(182, 63, '2015-06-06'),
(183, 8, '2015-06-06'),
(183, 17, '2015-06-06'),
(184, 8, '2015-06-06'),
(184, 15, '2015-06-06'),
(184, 42, '2015-06-06'),
(184, 64, '2015-06-06'),
(185, 5, '2015-06-06'),
(185, 8, '2015-06-06'),
(185, 46, '2015-06-06'),
(185, 49, '2015-06-06'),
(187, 5, '2015-06-06'),
(187, 8, '2015-06-06'),
(187, 14, '2015-06-06'),
(187, 15, '2015-06-06'),
(187, 17, '2015-06-06'),
(188, 8, '2015-06-06'),
(188, 13, '2015-06-06'),
(189, 5, '2015-06-06'),
(189, 9, '2015-06-06'),
(189, 14, '2015-06-06'),
(189, 15, '2015-06-06'),
(189, 17, '2015-06-06'),
(189, 43, '2015-06-06'),
(189, 70, '2015-06-06'),
(191, 6, '2015-06-06'),
(191, 10, '2015-06-06'),
(191, 15, '2015-06-06'),
(191, 17, '2015-06-06'),
(191, 18, '2015-06-06'),
(191, 42, '2015-06-06'),
(192, 17, '2015-06-06'),
(193, 47, '2015-06-06'),
(194, 17, '2015-06-06'),
(194, 47, '2015-06-06'),
(194, 53, '2015-06-06'),
(195, 6, '2015-06-06'),
(195, 53, '2015-06-06'),
(196, 6, '2015-06-06'),
(196, 8, '2015-06-06'),
(196, 42, '2015-06-06'),
(197, 6, '2015-06-06'),
(197, 8, '2015-06-06'),
(197, 9, '2015-06-06'),
(197, 14, '2015-06-06'),
(197, 15, '2015-06-06'),
(197, 18, '2015-06-06'),
(197, 25, '2015-06-06'),
(197, 42, '2015-06-06'),
(197, 47, '2015-06-06'),
(197, 63, '2015-06-06'),
(197, 72, '2015-06-06'),
(198, 6, '2015-06-06'),
(198, 8, '2015-06-06'),
(198, 9, '2015-06-06'),
(198, 14, '2015-06-06'),
(198, 15, '2015-06-06'),
(198, 16, '2015-06-06'),
(198, 17, '2015-06-06'),
(198, 19, '2015-06-06'),
(198, 22, '2015-06-06'),
(198, 33, '2015-06-06'),
(198, 42, '2015-06-06'),
(198, 55, '2015-06-06'),
(199, 8, '2015-06-06'),
(199, 10, '2015-06-06'),
(199, 17, '2015-06-06'),
(199, 18, '2015-06-06'),
(200, 46, '2015-06-06'),
(201, 46, '2015-06-06'),
(202, 45, '2015-06-06'),
(203, 8, '2015-06-06'),
(203, 13, '2015-06-06'),
(204, 19, '2015-06-06'),
(205, 6, '2015-06-06'),
(205, 8, '2015-06-06'),
(205, 9, '2015-06-06'),
(205, 14, '2015-06-06'),
(205, 17, '2015-06-06'),
(205, 19, '2015-06-06'),
(205, 42, '2015-06-06'),
(205, 55, '2015-06-06'),
(206, 6, '2015-06-06'),
(206, 8, '2015-06-06'),
(206, 9, '2015-06-06'),
(206, 14, '2015-06-06'),
(206, 15, '2015-06-06'),
(206, 17, '2015-06-06'),
(207, 5, '2015-06-06'),
(207, 9, '2015-06-06'),
(208, 8, '2015-06-06'),
(208, 17, '2015-06-06'),
(208, 19, '2015-06-06'),
(209, 5, '2015-06-06'),
(209, 6, '2015-06-06'),
(209, 8, '2015-06-06'),
(209, 9, '2015-06-06'),
(209, 12, '2015-06-06'),
(209, 15, '2015-06-06'),
(209, 17, '2015-06-06'),
(210, 5, '2015-06-06'),
(210, 8, '2015-06-06'),
(210, 9, '2015-06-06'),
(210, 10, '2015-06-06'),
(210, 17, '2015-06-06'),
(212, 5, '2015-06-06'),
(213, 8, '2015-06-06'),
(213, 15, '2015-06-06'),
(214, 8, '2015-06-06'),
(214, 15, '2015-06-06'),
(215, 6, '2015-06-06'),
(215, 8, '2015-06-06'),
(217, 8, '2015-06-06'),
(217, 17, '2015-06-06'),
(218, 5, '2015-06-06'),
(218, 9, '2015-06-06'),
(220, 9, '2015-06-07'),
(220, 17, '2015-06-07'),
(221, 6, '2015-06-07'),
(221, 8, '2015-06-07'),
(221, 12, '2015-06-07'),
(221, 17, '2015-06-07'),
(221, 42, '2015-06-07'),
(221, 55, '2015-06-07'),
(222, 5, '2015-06-07'),
(222, 9, '2015-06-07'),
(222, 11, '2015-06-07'),
(223, 5, '2015-06-07'),
(223, 9, '2015-06-07'),
(223, 10, '2015-06-07'),
(223, 17, '2015-06-07'),
(223, 47, '2015-06-07'),
(224, 5, '2015-06-07'),
(224, 6, '2015-06-07'),
(224, 8, '2015-06-07'),
(224, 9, '2015-06-07'),
(224, 15, '2015-06-07'),
(224, 18, '2015-06-07'),
(225, 50, '2015-06-07'),
(225, 51, '2015-06-07'),
(226, 5, '2015-06-07'),
(226, 8, '2015-06-07'),
(226, 9, '2015-06-07'),
(226, 14, '2015-06-07'),
(226, 17, '2015-06-07'),
(227, 11, '2015-06-07'),
(227, 18, '2015-06-07'),
(227, 46, '2015-06-07'),
(228, 5, '2015-06-07'),
(228, 8, '2015-06-07'),
(228, 9, '2015-06-07'),
(228, 10, '2015-06-07'),
(228, 17, '2015-06-07'),
(228, 19, '2015-06-07'),
(230, 6, '2015-06-07'),
(231, 5, '2015-06-07'),
(231, 6, '2015-06-07'),
(231, 8, '2015-06-07'),
(231, 11, '2015-06-07'),
(231, 12, '2015-06-07'),
(231, 14, '2015-06-07'),
(231, 17, '2015-06-07'),
(231, 18, '2015-06-07'),
(231, 42, '2015-06-07'),
(231, 50, '2015-06-07'),
(231, 56, '2015-06-07'),
(231, 72, '2015-06-07'),
(232, 8, '2015-06-07'),
(232, 14, '2015-06-07'),
(232, 42, '2015-06-07'),
(232, 55, '2015-06-07'),
(232, 71, '2015-06-07'),
(233, 19, '2015-06-07'),
(234, 5, '2015-06-07'),
(235, 15, '2015-06-07'),
(236, 8, '2015-06-07'),
(236, 15, '2015-06-07'),
(236, 46, '2015-06-07'),
(236, 51, '2015-06-07'),
(237, 5, '2015-06-07'),
(237, 8, '2015-06-07'),
(237, 9, '2015-06-07'),
(237, 12, '2015-06-07'),
(237, 14, '2015-06-07'),
(237, 17, '2015-06-07'),
(237, 18, '2015-06-07'),
(237, 61, '2015-06-07'),
(237, 63, '2015-06-07'),
(237, 64, '2015-06-07'),
(238, 5, '2015-06-07'),
(238, 6, '2015-06-07'),
(238, 8, '2015-06-07'),
(238, 9, '2015-06-07'),
(238, 17, '2015-06-07'),
(238, 25, '2015-06-07'),
(239, 5, '2015-06-07'),
(239, 9, '2015-06-07'),
(239, 15, '2015-06-07'),
(239, 18, '2015-06-07'),
(240, 5, '2015-06-07'),
(240, 9, '2015-06-07'),
(241, 46, '2015-06-08'),
(242, 5, '2015-06-08'),
(242, 6, '2015-06-08'),
(242, 8, '2015-06-08'),
(242, 9, '2015-06-08'),
(242, 13, '2015-06-08'),
(242, 14, '2015-06-08'),
(242, 15, '2015-06-08'),
(242, 17, '2015-06-08'),
(242, 19, '2015-06-08'),
(242, 21, '2015-06-08'),
(242, 71, '2015-06-08'),
(243, 6, '2015-06-08'),
(244, 5, '2015-06-08'),
(244, 9, '2015-06-08'),
(244, 19, '2015-06-08'),
(245, 45, '2015-06-08'),
(246, 9, '2015-06-08'),
(246, 17, '2015-06-08'),
(247, 8, '2015-06-08'),
(247, 9, '2015-06-08'),
(247, 15, '2015-06-08'),
(247, 19, '2015-06-08'),
(248, 5, '2015-06-08'),
(248, 6, '2015-06-08'),
(248, 8, '2015-06-08'),
(248, 14, '2015-06-08'),
(248, 17, '2015-06-08'),
(248, 44, '2015-06-08'),
(248, 46, '2015-06-08'),
(248, 63, '2015-06-08'),
(249, 8, '2015-06-08'),
(249, 14, '2015-06-08'),
(249, 17, '2015-06-08'),
(250, 8, '2015-06-08'),
(250, 15, '2015-06-08'),
(251, 46, '2015-06-08'),
(251, 47, '2015-06-08'),
(251, 53, '2015-06-08'),
(252, 5, '2015-06-08'),
(252, 6, '2015-06-08'),
(252, 8, '2015-06-08'),
(252, 9, '2015-06-08'),
(252, 10, '2015-06-08'),
(252, 11, '2015-06-08'),
(252, 18, '2015-06-08'),
(252, 41, '2015-06-08'),
(252, 51, '2015-06-08'),
(253, 8, '2015-06-08'),
(253, 17, '2015-06-08'),
(254, 6, '2015-06-08'),
(254, 9, '2015-06-08'),
(254, 10, '2015-06-08'),
(254, 11, '2015-06-08'),
(255, 8, '2015-06-08'),
(255, 15, '2015-06-08'),
(255, 17, '2015-06-08'),
(256, 10, '2015-06-08'),
(257, 5, '2015-06-13'),
(257, 8, '2015-06-13'),
(257, 9, '2015-06-13'),
(257, 11, '2015-06-13'),
(257, 12, '2015-06-13'),
(257, 14, '2015-06-13'),
(257, 17, '2015-06-13'),
(257, 19, '2015-06-13'),
(258, 5, '2015-06-13'),
(258, 8, '2015-06-13'),
(258, 9, '2015-06-13'),
(258, 15, '2015-06-13'),
(259, 5, '2015-06-13'),
(259, 9, '2015-06-13'),
(260, 6, '2015-06-13'),
(260, 8, '2015-06-13'),
(260, 9, '2015-06-13'),
(260, 11, '2015-06-13'),
(260, 15, '2015-06-13'),
(260, 17, '2015-06-13'),
(260, 19, '2015-06-13'),
(260, 20, '2015-06-13'),
(260, 21, '2015-06-13'),
(260, 40, '2015-06-13'),
(261, 8, '2015-06-13'),
(261, 9, '2015-06-13'),
(261, 17, '2015-06-13'),
(262, 5, '2015-06-13'),
(262, 6, '2015-06-13'),
(262, 9, '2015-06-13'),
(262, 10, '2015-06-13'),
(262, 11, '2015-06-13'),
(262, 12, '2015-06-13'),
(262, 14, '2015-06-13'),
(262, 35, '2015-06-13'),
(262, 63, '2015-06-13'),
(263, 14, '2015-06-13'),
(264, 6, '2015-06-13'),
(264, 12, '2015-06-13'),
(264, 14, '2015-06-13'),
(264, 15, '2015-06-13'),
(264, 19, '2015-06-13'),
(264, 38, '2015-06-13'),
(264, 40, '2015-06-13'),
(264, 46, '2015-06-13'),
(265, 5, '2015-06-13'),
(265, 8, '2015-06-13'),
(265, 9, '2015-06-13'),
(266, 8, '2015-06-13'),
(266, 17, '2015-06-13'),
(267, 8, '2015-06-13'),
(267, 15, '2015-06-13'),
(267, 17, '2015-06-13'),
(268, 17, '2015-06-13'),
(270, 6, '2015-06-13'),
(270, 8, '2015-06-13'),
(270, 13, '2015-06-13'),
(270, 14, '2015-06-13'),
(270, 17, '2015-06-13'),
(271, 6, '2015-06-13'),
(271, 42, '2015-06-13'),
(272, 5, '2015-06-13'),
(273, 12, '2015-06-13'),
(273, 45, '2015-06-13'),
(273, 47, '2015-06-13'),
(274, 8, '2015-06-13'),
(274, 17, '2015-06-13'),
(275, 6, '2015-06-13'),
(275, 8, '2015-06-13'),
(275, 13, '2015-06-13'),
(275, 15, '2015-06-13'),
(275, 17, '2015-06-13'),
(275, 47, '2015-06-13'),
(276, 5, '2015-06-13'),
(276, 6, '2015-06-13'),
(276, 8, '2015-06-13'),
(276, 9, '2015-06-13'),
(276, 14, '2015-06-13'),
(276, 17, '2015-06-13'),
(276, 18, '2015-06-13'),
(276, 19, '2015-06-13'),
(276, 42, '2015-06-13'),
(276, 50, '2015-06-13'),
(277, 15, '2015-06-13'),
(278, 5, '2015-06-13'),
(278, 8, '2015-06-13'),
(278, 9, '2015-06-13'),
(279, 8, '2015-06-13'),
(279, 9, '2015-06-13'),
(279, 14, '2015-06-13'),
(279, 15, '2015-06-13'),
(279, 17, '2015-06-13'),
(279, 18, '2015-06-13'),
(280, 9, '2015-06-13'),
(280, 17, '2015-06-13'),
(280, 47, '2015-06-13'),
(280, 56, '2015-06-13'),
(280, 64, '2015-06-13'),
(281, 5, '2015-06-13'),
(281, 8, '2015-06-13'),
(281, 9, '2015-06-13'),
(281, 10, '2015-06-13'),
(281, 11, '2015-06-13'),
(281, 17, '2015-06-13'),
(281, 18, '2015-06-13'),
(281, 34, '2015-06-13'),
(281, 42, '2015-06-13'),
(281, 47, '2015-06-13'),
(284, 5, '2015-06-16'),
(284, 9, '2015-06-16'),
(285, 5, '2015-06-16'),
(285, 8, '2015-06-16'),
(285, 10, '2015-06-16'),
(285, 11, '2015-06-16'),
(285, 14, '2015-06-16'),
(285, 17, '2015-06-16'),
(285, 18, '2015-06-16'),
(285, 19, '2015-06-16'),
(285, 42, '2015-06-16'),
(285, 46, '2015-06-16'),
(285, 49, '2015-06-16'),
(285, 57, '2015-06-16'),
(285, 58, '2015-06-16'),
(285, 63, '2015-06-16'),
(285, 72, '2015-06-16'),
(286, 8, '2015-06-16'),
(286, 9, '2015-06-16'),
(286, 15, '2015-06-16'),
(287, 9, '2015-06-16'),
(287, 17, '2015-06-16'),
(288, 15, '2015-06-16'),
(288, 18, '2015-06-16'),
(289, 15, '2015-06-16'),
(290, 5, '2015-06-16'),
(290, 9, '2015-06-16'),
(290, 21, '2015-06-16'),
(290, 46, '2015-06-16'),
(290, 47, '2015-06-16'),
(290, 53, '2015-06-16'),
(290, 64, '2015-06-16'),
(290, 65, '2015-06-16'),
(291, 5, '2015-06-16'),
(291, 9, '2015-06-16'),
(291, 11, '2015-06-16'),
(291, 18, '2015-06-16'),
(292, 14, '2015-06-16'),
(292, 42, '2015-06-16'),
(293, 17, '2015-06-16'),
(294, 6, '2015-06-16'),
(294, 8, '2015-06-16'),
(294, 11, '2015-06-16'),
(294, 12, '2015-06-16'),
(294, 14, '2015-06-16'),
(294, 15, '2015-06-16'),
(294, 16, '2015-06-16'),
(294, 17, '2015-06-16'),
(294, 18, '2015-06-16'),
(294, 19, '2015-06-16'),
(294, 21, '2015-06-16'),
(294, 40, '2015-06-16'),
(294, 41, '2015-06-16'),
(294, 42, '2015-06-16'),
(294, 44, '2015-06-16'),
(294, 56, '2015-06-16'),
(294, 63, '2015-06-16'),
(295, 6, '2015-06-16'),
(295, 14, '2015-06-16'),
(295, 17, '2015-06-16'),
(296, 46, '2015-06-16'),
(297, 8, '2015-06-16'),
(297, 14, '2015-06-16'),
(297, 19, '2015-06-16'),
(297, 27, '2015-06-16'),
(298, 8, '2015-06-16'),
(298, 17, '2015-06-16'),
(299, 5, '2015-06-16'),
(299, 6, '2015-06-16'),
(299, 8, '2015-06-16'),
(299, 9, '2015-06-16'),
(299, 12, '2015-06-16'),
(299, 18, '2015-06-16'),
(299, 35, '2015-06-16'),
(301, 5, '2015-06-16'),
(301, 6, '2015-06-16'),
(301, 8, '2015-06-16'),
(301, 9, '2015-06-16'),
(301, 12, '2015-06-16'),
(301, 14, '2015-06-16'),
(301, 15, '2015-06-16'),
(301, 17, '2015-06-16'),
(301, 42, '2015-06-16'),
(301, 49, '2015-06-16'),
(302, 46, '2015-06-16'),
(303, 8, '2015-06-16'),
(303, 17, '2015-06-16'),
(304, 8, '2015-06-16'),
(304, 17, '2015-06-16'),
(305, 6, '2015-06-16'),
(305, 8, '2015-06-16'),
(305, 14, '2015-06-16'),
(305, 17, '2015-06-16'),
(305, 19, '2015-06-16'),
(305, 38, '2015-06-16'),
(305, 40, '2015-06-16'),
(305, 42, '2015-06-16'),
(305, 43, '2015-06-16'),
(305, 44, '2015-06-16'),
(306, 5, '2015-06-16'),
(306, 8, '2015-06-16'),
(306, 9, '2015-06-16'),
(306, 18, '2015-06-16'),
(307, 5, '2015-06-16'),
(307, 8, '2015-06-16'),
(307, 9, '2015-06-16'),
(307, 14, '2015-06-16'),
(307, 15, '2015-06-16'),
(308, 8, '2015-06-16'),
(308, 14, '2015-06-16'),
(308, 17, '2015-06-16'),
(308, 47, '2015-06-16'),
(308, 53, '2015-06-16'),
(309, 5, '2015-06-16'),
(309, 9, '2015-06-16'),
(309, 11, '2015-06-16'),
(309, 14, '2015-06-16'),
(309, 17, '2015-06-16'),
(309, 18, '2015-06-16'),
(309, 41, '2015-06-16'),
(309, 46, '2015-06-16'),
(309, 63, '2015-06-16'),
(309, 64, '2015-06-16'),
(310, 5, '2015-06-16'),
(310, 6, '2015-06-16'),
(310, 8, '2015-06-16'),
(310, 9, '2015-06-16'),
(310, 43, '2015-06-16'),
(311, 5, '2015-06-16'),
(311, 6, '2015-06-16'),
(311, 8, '2015-06-16'),
(311, 15, '2015-06-16'),
(311, 16, '2015-06-16'),
(311, 17, '2015-06-16'),
(311, 18, '2015-06-16'),
(311, 19, '2015-06-16'),
(311, 20, '2015-06-16'),
(311, 40, '2015-06-16'),
(312, 5, '2015-06-20'),
(313, 8, '2015-07-03'),
(313, 15, '2015-07-03'),
(314, 8, '2015-07-03');

-- --------------------------------------------------------

--
-- Struktur dari tabel `treatment`
--

CREATE TABLE IF NOT EXISTS `treatment` (
  `IDTREATMENT` int(11) NOT NULL,
  `NAMATREATMENT` varchar(144) DEFAULT NULL,
  `KATEGORITREATMENT` varchar(144) DEFAULT NULL
) ENGINE=InnoDB AUTO_INCREMENT=73 DEFAULT CHARSET=latin1;

--
-- Dumping data untuk tabel `treatment`
--

INSERT INTO `treatment` (`IDTREATMENT`, `NAMATREATMENT`, `KATEGORITREATMENT`) VALUES
(5, 'Fruit Dermabrasion Facial', 'Face Treatment'),
(6, 'Facial Reguler', 'Face Treatment'),
(7, 'Facial Acne', 'Face Treatment'),
(8, 'Bio Nutri Treatment', 'Face Treatment'),
(9, 'Bio Purifying Treatment', 'Face Treatment'),
(10, 'Nutri Peel', 'Peeling Treatment'),
(11, 'Acne peel', 'Peeling Treatment'),
(12, 'Lightener Peel', 'Peeling Treatment'),
(13, 'Micro Diamond Peel', 'Peeling Treatment'),
(14, 'Digi Flek Treatment', 'Insentive Treatment'),
(15, 'Face Clarifying', 'Insentive Treatment'),
(16, 'Anti Aging Treatment', 'Insentive Treatment'),
(17, 'Face Detox', 'Insentive Treatment'),
(18, 'Mineral Brightening Treatment', 'Insentive Treatment'),
(19, 'White Diamond Treatment', 'Lifting Treatment'),
(20, 'Intensif Microlif Treatment', 'Lifting Treatment'),
(21, 'Radio Frekuensi Treatment', 'Lifting Treatment'),
(22, 'Lift Neck Treatment', 'Lifting Treatment'),
(23, 'Hydra Lift Treatment', 'Lifting Treatment'),
(24, 'Facial Back', 'Lainnya'),
(25, 'Nutri Peel Back', 'Lainnya'),
(26, 'Bio Purifying Back', 'Lainnya'),
(27, 'Lightener Peel Back', 'Lainnya'),
(28, 'Lightener Peel Neck', 'Lainnya'),
(29, 'Lightener Peel Neck', 'Lainnya'),
(30, 'Acne Peel Back', 'Lainnya'),
(31, 'Micro Diamond Peel Back', 'Lainnya'),
(32, 'Deep Peel Back', 'Lainnya'),
(33, 'Dark Eye Treatment', 'Eye Treatment'),
(34, 'Eye Bag Lifting Treatment', 'Eye Treatment'),
(35, 'Brightening Hand & Foot', 'Hand / Foot Treatment'),
(36, 'Hydra Intensive Hand & Foot', 'Hand / Foot Treatment'),
(37, 'Handcare Treatment', 'Hand / Foot Treatment'),
(38, 'Footcare Treatment', 'Hand / Foot Treatment'),
(39, 'Total care Treatment', 'Hand / Foot Treatment'),
(40, 'Mask Collagen', 'Masker'),
(41, 'Mask Black', 'Masker'),
(42, 'Mask Vit C', 'Masker'),
(43, 'Mask Hydra', 'Masker'),
(44, 'Mask Gold', 'Masker'),
(45, 'Beauty Body Lightening', 'Body Treatment'),
(46, 'Herbal Sensasion Spa', 'Body Treatment'),
(47, 'Bleaching Spa', 'Body Treatment'),
(48, 'Boreh Spa', 'Body Treatment'),
(49, 'Balineese Body Massage', 'Body Treatment'),
(50, 'Beauty Body Scrub', 'Body Treatment'),
(51, 'Totok Wajah', 'Face Treatment'),
(52, 'Ratus Dedes', 'Body Treatment'),
(53, 'Ear Candle', 'Body Treatment'),
(54, 'Messo Bright Rejuv', 'Meso Therapy'),
(55, ' Messo White Glow', 'Meso Therapy'),
(56, 'Messo Melano Smoot Compex', 'Meso Therapy'),
(57, 'Messo Small Pore', 'Meso Therapy'),
(58, 'Messo Scar Rejuv', 'Meso Therapy'),
(59, 'Lippo A', 'Meso Therapy'),
(60, 'lippo B', 'Meso Therapy'),
(61, 'Kauter', 'Lainnya'),
(62, 'Acne', 'X - Light '),
(63, 'Pigmen', 'X - Light '),
(64, 'Skin rejuv', 'X - Light '),
(65, 'ketiak', 'X - Light '),
(66, 'HR Tangan Bawah', 'X - Light '),
(67, 'HR Kaki', 'X - Light '),
(68, 'Eye Bag', 'X - Light '),
(69, 'Vaskuler', 'X - Light '),
(70, 'Slimming Full Body', 'Body Treatment'),
(71, 'Slimming Upper Body', 'Body Treatment'),
(72, 'Slimming Lower Body', 'Body Treatment');

-- --------------------------------------------------------

--
-- Struktur dari tabel `user`
--

CREATE TABLE IF NOT EXISTS `user` (
  `IDUSER` int(11) NOT NULL,
  `USERNAME` varchar(255) NOT NULL,
  `PASSWORD` varchar(255) NOT NULL,
  `LEVEL` int(11) DEFAULT NULL,
  `LASTLOGIN` timestamp NOT NULL DEFAULT CURRENT_TIMESTAMP ON UPDATE CURRENT_TIMESTAMP
) ENGINE=InnoDB AUTO_INCREMENT=2 DEFAULT CHARSET=latin1;

--
-- Dumping data untuk tabel `user`
--

INSERT INTO `user` (`IDUSER`, `USERNAME`, `PASSWORD`, `LEVEL`, `LASTLOGIN`) VALUES
(1, 'admin', '21232f297a57a5a743894a0e4a801fc3', 1, '2015-05-22 06:56:47');

--
-- Indexes for dumped tables
--

--
-- Indexes for table `obat`
--
ALTER TABLE `obat`
  ADD PRIMARY KEY (`IDOBAT`);

--
-- Indexes for table `pasien`
--
ALTER TABLE `pasien`
  ADD PRIMARY KEY (`IDPASIEN`);

--
-- Indexes for table `rekammedis`
--
ALTER TABLE `rekammedis`
  ADD PRIMARY KEY (`IDREKAM`), ADD KEY `FK_MEMILIKI` (`IDPASIEN`);

--
-- Indexes for table `rm_obat`
--
ALTER TABLE `rm_obat`
  ADD PRIMARY KEY (`IDREKAM`,`IDOBAT`), ADD KEY `FK_RM_OBAT2` (`IDOBAT`);

--
-- Indexes for table `rm_treatment`
--
ALTER TABLE `rm_treatment`
  ADD PRIMARY KEY (`IDREKAM`,`IDTREATMENT`), ADD KEY `FK_RM_TREATMENT2` (`IDTREATMENT`);

--
-- Indexes for table `treatment`
--
ALTER TABLE `treatment`
  ADD PRIMARY KEY (`IDTREATMENT`);

--
-- Indexes for table `user`
--
ALTER TABLE `user`
  ADD PRIMARY KEY (`IDUSER`);

--
-- AUTO_INCREMENT for dumped tables
--

--
-- AUTO_INCREMENT for table `obat`
--
ALTER TABLE `obat`
  MODIFY `IDOBAT` int(11) NOT NULL AUTO_INCREMENT,AUTO_INCREMENT=71;
--
-- AUTO_INCREMENT for table `pasien`
--
ALTER TABLE `pasien`
  MODIFY `IDPASIEN` int(11) NOT NULL AUTO_INCREMENT,AUTO_INCREMENT=302;
--
-- AUTO_INCREMENT for table `rekammedis`
--
ALTER TABLE `rekammedis`
  MODIFY `IDREKAM` int(11) NOT NULL AUTO_INCREMENT,AUTO_INCREMENT=317;
--
-- AUTO_INCREMENT for table `treatment`
--
ALTER TABLE `treatment`
  MODIFY `IDTREATMENT` int(11) NOT NULL AUTO_INCREMENT,AUTO_INCREMENT=73;
--
-- AUTO_INCREMENT for table `user`
--
ALTER TABLE `user`
  MODIFY `IDUSER` int(11) NOT NULL AUTO_INCREMENT,AUTO_INCREMENT=2;
--
-- Ketidakleluasaan untuk tabel pelimpahan (Dumped Tables)
--

--
-- Ketidakleluasaan untuk tabel `rekammedis`
--
ALTER TABLE `rekammedis`
ADD CONSTRAINT `FK_MEMILIKI` FOREIGN KEY (`IDPASIEN`) REFERENCES `pasien` (`IDPASIEN`);

--
-- Ketidakleluasaan untuk tabel `rm_obat`
--
ALTER TABLE `rm_obat`
ADD CONSTRAINT `FK_RM_OBAT` FOREIGN KEY (`IDREKAM`) REFERENCES `rekammedis` (`IDREKAM`),
ADD CONSTRAINT `FK_RM_OBAT2` FOREIGN KEY (`IDOBAT`) REFERENCES `obat` (`IDOBAT`);

--
-- Ketidakleluasaan untuk tabel `rm_treatment`
--
ALTER TABLE `rm_treatment`
ADD CONSTRAINT `FK_RM_TREATMENT` FOREIGN KEY (`IDREKAM`) REFERENCES `rekammedis` (`IDREKAM`),
ADD CONSTRAINT `FK_RM_TREATMENT2` FOREIGN KEY (`IDTREATMENT`) REFERENCES `treatment` (`IDTREATMENT`);

/*!40101 SET CHARACTER_SET_CLIENT=@OLD_CHARACTER_SET_CLIENT */;
/*!40101 SET CHARACTER_SET_RESULTS=@OLD_CHARACTER_SET_RESULTS */;
/*!40101 SET COLLATION_CONNECTION=@OLD_COLLATION_CONNECTION */;
